"scenario","metric","pop","before","after","diff","timescale","basis","data_type","resolution"
9,"F","spp_3",1.08532310328682,0.28350339623818,-73.878433493251,"weekly","high_pop","real_pop",1
10,"F","spp_3",1.08532310328682,0.341557574066717,-68.5294109162208,"monthly","high_pop","real_pop",1
11,"F","spp_3",1.08532310328682,0.341557574066717,-68.5294109162208,"yearly","high_pop","real_pop",1
6,"F","spp_3",1.08532310328682,0.520990389457658,-51.9967475233987,"yearly","high_ratio","commercial",1
21,"F","spp_4",0.466133793069757,0.22698121893387,-51.3055645592504,"yearly","high_pop","survey",5
1,"F","spp_3",1.08532310328682,0.57800082800032,-46.743893477446,"weekly","high_pop","commercial",1
45,"F","spp_3",1.08532310328682,0.57988403957922,-46.5703772615654,"yearly","high_pop","commercial",20
48,"F","spp_3",1.08532310328682,0.579890708208818,-46.5697628243,"yearly","high_ratio","commercial",20
9,"Bio","spp_1",82586.6752396837,44649.5779973675,-45.9360994158136,"weekly","high_pop","real_pop",1
23,"F","spp_3",1.08532310328682,0.587330382577482,-45.8842826805406,"weekly","high_pop","real_pop",5
7,"F","spp_3",1.08532310328682,0.592919011262244,-45.3693550366125,"yearly","high_pop","survey",1
2,"F","spp_3",1.08532310328682,0.594263904392296,-45.2454386539261,"monthly","high_pop","commercial",1
7,"F","spp_4",0.466133793069757,0.25918912596397,-44.395980334946,"yearly","high_pop","survey",1
50,"F","spp_3",1.08532310328682,0.63448607432551,-41.5394298339348,"yearly","high_ratio","survey",20
10,"Bio","spp_1",82586.6752396837,48344.6022006439,-41.4619827468078,"monthly","high_pop","real_pop",1
11,"Bio","spp_1",82586.6752396837,48344.6022006439,-41.4619827468078,"yearly","high_pop","real_pop",1
3,"F","spp_3",1.08532310328682,0.636069583635823,-41.3935277237228,"yearly","high_pop","commercial",1
24,"F","spp_3",1.08532310328682,0.642952084161192,-40.7593847201762,"monthly","high_pop","real_pop",5
25,"F","spp_3",1.08532310328682,0.642952084161192,-40.7593847201762,"yearly","high_pop","real_pop",5
17,"F","spp_3",1.08532310328682,0.665052521788835,-38.7230844183846,"yearly","high_pop","commercial",5
15,"F","spp_3",1.08532310328682,0.703605167258232,-35.1709030124381,"weekly","high_pop","commercial",5
18,"F","spp_3",1.08532310328682,0.709046237572017,-34.6695711696617,"weekly","high_ratio","commercial",5
1,"Bio","spp_1",82586.6752396837,54254.3938539724,-34.3061169413651,"weekly","high_pop","commercial",1
43,"F","spp_3",1.08532310328682,0.718500042770719,-33.798512111758,"weekly","high_pop","commercial",20
19,"F","spp_3",1.08532310328682,0.722602015251748,-33.4205626818964,"monthly","high_ratio","commercial",5
16,"F","spp_3",1.08532310328682,0.723093713315002,-33.3752583792638,"monthly","high_pop","commercial",5
2,"Bio","spp_1",82586.6752396837,55067.9436398939,-33.3210309289298,"monthly","high_pop","commercial",1
23,"Bio","spp_1",82586.6752396837,55378.7506759127,-32.9446905143087,"weekly","high_pop","real_pop",5
24,"Bio","spp_1",82586.6752396837,55838.0498121316,-32.3885485762951,"monthly","high_pop","real_pop",5
25,"Bio","spp_1",82586.6752396837,55838.0498121316,-32.3885485762951,"yearly","high_pop","real_pop",5
3,"Bio","spp_1",82586.6752396837,56189.9942997409,-31.9623969161298,"yearly","high_pop","commercial",1
15,"Bio","spp_1",82586.6752396837,56355.05066541,-31.7625385670801,"weekly","high_pop","commercial",5
6,"Bio","spp_1",82586.6752396837,56615.4818522445,-31.4471957032601,"yearly","high_ratio","commercial",1
16,"Bio","spp_1",82586.6752396837,57365.3383974745,-30.5392325929233,"monthly","high_pop","commercial",5
19,"Bio","spp_1",82586.6752396837,58890.6284784185,-28.6923364967707,"monthly","high_ratio","commercial",5
51,"F","spp_3",1.08532310328682,0.774150995090814,-28.6709190335714,"weekly","high_pop","real_pop",20
21,"Bio","spp_1",82586.6752396837,58920.4398729159,-28.656239397074,"yearly","high_pop","survey",5
37,"F","spp_3",1.08532310328682,0.780709585823752,-28.0666205796754,"weekly","high_pop","real_pop",10
34,"F","spp_3",1.08532310328682,0.78545893394133,-27.6290229552266,"yearly","high_ratio","commercial",10
38,"F","spp_3",1.08532310328682,0.789780636439448,-27.2308279398408,"monthly","high_pop","real_pop",10
39,"F","spp_3",1.08532310328682,0.789780636439448,-27.2308279398408,"yearly","high_pop","real_pop",10
17,"Bio","spp_1",82586.6752396837,60196.4053805555,-27.1112377319307,"yearly","high_pop","commercial",5
5,"F","spp_3",1.08532310328682,0.79862096054948,-26.4162940850597,"monthly","high_ratio","commercial",1
21,"F","spp_3",1.08532310328682,0.801132984528692,-26.1848400626027,"yearly","high_pop","survey",5
20,"F","spp_3",1.08532310328682,0.8030222996362,-26.010761476992,"yearly","high_ratio","commercial",5
35,"F","spp_3",1.08532310328682,0.803349316748982,-25.9806306236275,"yearly","high_pop","survey",10
48,"Bio","spp_1",82586.6752396837,61638.2668560882,-25.3653610861545,"yearly","high_ratio","commercial",20
18,"Bio","spp_1",82586.6752396837,62204.7145625886,-24.6794784000475,"weekly","high_ratio","commercial",5
7,"Bio","spp_1",82586.6752396837,62596.5372351391,-24.2050402762056,"yearly","high_pop","survey",1
45,"Bio","spp_1",82586.6752396837,62704.9914913952,-24.0737185394469,"yearly","high_pop","commercial",20
44,"Bio","spp_1",82586.6752396837,63421.7494864716,-23.2058327782194,"monthly","high_pop","commercial",20
4,"F","spp_3",1.08532310328682,0.853255227742234,-21.3823768094302,"weekly","high_ratio","commercial",1
43,"Bio","spp_1",82586.6752396837,65313.6146445295,-20.9150695860128,"weekly","high_pop","commercial",20
44,"F","spp_3",1.08532310328682,0.863537633980492,-20.4349717272829,"monthly","high_pop","commercial",20
9,"Rec","spp_1",60113.3035434758,47885.7977424082,-20.3407649892745,"weekly","high_pop","real_pop",1
37,"Bio","spp_1",82586.6752396837,65810.7311368375,-20.3131365370491,"weekly","high_pop","real_pop",10
30,"Bio","spp_1",82586.6752396837,65898.1686857487,-20.207262861111,"monthly","high_pop","commercial",10
51,"F","spp_2",0.788847477234695,0.633148243328439,-19.737558704258,"weekly","high_pop","real_pop",20
52,"F","spp_1",0.455140736818498,0.368139030563413,-19.1153415234243,"monthly","high_pop","real_pop",20
53,"F","spp_1",0.455140736818498,0.368139030563413,-19.1153415234243,"yearly","high_pop","real_pop",20
51,"F","spp_4",0.466133793069757,0.378457052802196,-18.8093507853528,"weekly","high_pop","real_pop",20
29,"Bio","spp_1",82586.6752396837,67075.6380108315,-18.7815252083171,"weekly","high_pop","commercial",10
10,"Rec","spp_1",60113.3035434758,48862.1908458061,-18.7165103803229,"monthly","high_pop","real_pop",1
11,"Rec","spp_1",60113.3035434758,48862.1908458061,-18.7165103803229,"yearly","high_pop","real_pop",1
54,"F","spp_3",1.08532310328682,0.894014578619501,-17.6268729641854,"weekly","high_ratio","real_pop",20
55,"F","spp_3",1.08532310328682,0.894014578619501,-17.6268729641854,"monthly","high_ratio","real_pop",20
56,"F","spp_3",1.08532310328682,0.894014578619501,-17.6268729641854,"yearly","high_ratio","real_pop",20
34,"Bio","spp_1",82586.6752396837,68340.8146306988,-17.2495872580419,"yearly","high_ratio","commercial",10
6,"F","spp_4",0.466133793069757,0.388574104069463,-16.6389328886711,"yearly","high_ratio","commercial",1
38,"Bio","spp_1",82586.6752396837,69042.7180600617,-16.3996881340902,"monthly","high_pop","real_pop",10
39,"Bio","spp_1",82586.6752396837,69042.7180600617,-16.3996881340902,"yearly","high_pop","real_pop",10
26,"F","spp_3",1.08532310328682,0.920462633566625,-15.1899898952607,"weekly","high_ratio","real_pop",5
27,"F","spp_3",1.08532310328682,0.920462633566625,-15.1899898952607,"monthly","high_ratio","real_pop",5
28,"F","spp_3",1.08532310328682,0.920462633566625,-15.1899898952607,"yearly","high_ratio","real_pop",5
23,"Rec","spp_1",60113.3035434758,50993.2676423617,-15.1714102594914,"weekly","high_pop","real_pop",5
35,"Bio","spp_1",82586.6752396837,70091.4663518599,-15.1298122264398,"yearly","high_pop","survey",10
3,"Bio","spp_2",216238.443821354,184069.2012964,-14.8767452985975,"yearly","high_pop","commercial",1
1,"Rec","spp_1",60113.3035434758,51244.865407443,-14.7528710173429,"weekly","high_pop","commercial",1
24,"Rec","spp_1",60113.3035434758,51474.4454177582,-14.3709588668168,"monthly","high_pop","real_pop",5
25,"Rec","spp_1",60113.3035434758,51474.4454177582,-14.3709588668168,"yearly","high_pop","real_pop",5
33,"Bio","spp_1",82586.6752396837,70848.7234897669,-14.2128881152448,"monthly","high_ratio","commercial",10
9,"Bio","spp_2",216238.443821354,186060.680119874,-13.955781020331,"weekly","high_pop","real_pop",1
23,"F","spp_4",0.466133793069757,0.401394896218134,-13.8884796198276,"weekly","high_pop","real_pop",5
2,"Rec","spp_1",60113.3035434758,51766.9754237015,-13.8843278073014,"monthly","high_pop","commercial",1
16,"Rec","spp_1",60113.3035434758,51803.3724078141,-13.8237805041802,"monthly","high_pop","commercial",5
7,"F","spp_2",0.788847477234695,0.680203917013067,-13.7724418670233,"yearly","high_pop","survey",1
15,"Rec","spp_1",60113.3035434758,52019.9500164199,-13.4634981775749,"weekly","high_pop","commercial",5
10,"Bio","spp_2",216238.443821354,187721.343255902,-13.1878032700844,"monthly","high_pop","real_pop",1
11,"Bio","spp_2",216238.443821354,187721.343255902,-13.1878032700844,"yearly","high_pop","real_pop",1
5,"Bio","spp_1",82586.6752396837,71875.2433297587,-12.9699275080855,"monthly","high_ratio","commercial",1
4,"Bio","spp_1",82586.6752396837,72093.8086071864,-12.7052779422889,"weekly","high_ratio","commercial",1
31,"Bio","spp_1",82586.6752396837,72349.0387232828,-12.396232790204,"yearly","high_pop","commercial",10
9,"Catch","spp_1",39277.4551209366,34435.0181296604,-12.328795173634,"weekly","high_pop","real_pop",1
3,"Rec","spp_1",60113.3035434758,52936.8057803319,-11.9382854378542,"yearly","high_pop","commercial",1
13,"F","spp_3",1.08532310328682,0.95675696049302,-11.8458864834306,"monthly","high_ratio","real_pop",1
14,"F","spp_3",1.08532310328682,0.95675696049302,-11.8458864834306,"yearly","high_ratio","real_pop",1
10,"Catch","spp_1",39277.4551209366,34696.9092377983,-11.6620230843232,"monthly","high_pop","real_pop",1
11,"Catch","spp_1",39277.4551209366,34696.9092377983,-11.6620230843232,"yearly","high_pop","real_pop",1
30,"F","spp_3",1.08532310328682,0.961276477929332,-11.4294651041543,"monthly","high_pop","commercial",10
17,"Rec","spp_1",60113.3035434758,53278.2920426436,-11.3702144083446,"yearly","high_pop","commercial",5
31,"F","spp_4",0.466133793069757,0.413749659604436,-11.2380038186764,"yearly","high_pop","commercial",10
19,"Rec","spp_1",60113.3035434758,53475.2930640234,-11.0424982294503,"monthly","high_ratio","commercial",5
5,"F","spp_4",0.466133793069757,0.414929689906743,-10.9848511144849,"monthly","high_ratio","commercial",1
6,"Rec","spp_1",60113.3035434758,53514.7332686332,-10.976888452105,"yearly","high_ratio","commercial",1
12,"F","spp_3",1.08532310328682,0.966689072984116,-10.9307569279077,"weekly","high_ratio","real_pop",1
21,"Rec","spp_1",60113.3035434758,53580.7964531127,-10.8669906747656,"yearly","high_pop","survey",5
20,"Bio","spp_1",82586.6752396837,73701.8351252934,-10.7582005070487,"yearly","high_ratio","commercial",5
32,"Bio","spp_1",82586.6752396837,73814.1204077967,-10.6222399756707,"weekly","high_ratio","commercial",10
17,"Bio","spp_2",216238.443821354,193357.554483786,-10.5813235302741,"yearly","high_pop","commercial",5
1,"Bio","spp_2",216238.443821354,193378.139622566,-10.571803882234,"weekly","high_pop","commercial",1
50,"Bio","spp_1",82586.6752396837,73925.8070473456,-10.4870043105651,"yearly","high_ratio","survey",20
29,"F","spp_3",1.08532310328682,0.972390706688609,-10.4054171754206,"weekly","high_pop","commercial",10
21,"Catch","spp_4",13011.1905015701,11670.1109868833,-10.3071238141116,"yearly","high_pop","survey",5
24,"Bio","spp_2",216238.443821354,194065.083160339,-10.2541251542362,"monthly","high_pop","real_pop",5
25,"Bio","spp_2",216238.443821354,194065.083160339,-10.2541251542362,"yearly","high_pop","real_pop",5
48,"Rec","spp_1",60113.3035434758,53964.5245296784,-10.2286493194479,"yearly","high_ratio","commercial",20
16,"Bio","spp_2",216238.443821354,194517.356058351,-10.0449704405698,"monthly","high_pop","commercial",5
7,"Rec","spp_1",60113.3035434758,54083.0151288375,-10.031537212519,"yearly","high_pop","survey",1
6,"Bio","spp_2",216238.443821354,194730.433107248,-9.94643243542533,"yearly","high_ratio","commercial",1
51,"F","spp_1",0.455140736818498,0.410576603051174,-9.79128655431604,"weekly","high_pop","real_pop",20
2,"Bio","spp_2",216238.443821354,195565.343319861,-9.56032615484972,"monthly","high_pop","commercial",1
4,"F","spp_4",0.466133793069757,0.423390047803038,-9.16984477465722,"weekly","high_ratio","commercial",1
1,"Catch","spp_1",39277.4551209366,35719.9355886253,-9.0574084327958,"weekly","high_pop","commercial",1
45,"Rec","spp_1",60113.3035434758,54682.4186635879,-9.03441428062612,"yearly","high_pop","commercial",20
19,"Bio","spp_2",216238.443821354,196731.288566619,-9.02113190883439,"monthly","high_ratio","commercial",5
4,"Bio","spp_2",216238.443821354,196772.624872323,-9.00201583262988,"weekly","high_ratio","commercial",1
5,"Bio","spp_2",216238.443821354,196805.100474866,-8.98699741038758,"monthly","high_ratio","commercial",1
16,"Catch","spp_1",39277.4551209366,35801.9916100483,-8.84849463944958,"monthly","high_pop","commercial",5
44,"Rec","spp_1",60113.3035434758,54885.846148298,-8.69600751753258,"monthly","high_pop","commercial",20
24,"Catch","spp_1",39277.4551209366,35866.6142604451,-8.68396603086804,"monthly","high_pop","real_pop",5
25,"Catch","spp_1",39277.4551209366,35866.6142604451,-8.68396603086804,"yearly","high_pop","real_pop",5
18,"Rec","spp_1",60113.3035434758,54977.5306171696,-8.54348808594727,"weekly","high_ratio","commercial",5
29,"Rec","spp_1",60113.3035434758,55094.6034455917,-8.3487344764781,"weekly","high_pop","commercial",10
47,"Bio","spp_4",26173.2387640711,23999.0101692616,-8.30706743788296,"monthly","high_ratio","commercial",20
43,"Rec","spp_1",60113.3035434758,55159.614346201,-8.24058719995665,"weekly","high_pop","commercial",20
23,"Catch","spp_1",39277.4551209366,36061.0041147671,-8.18905144507447,"weekly","high_pop","real_pop",5
18,"Bio","spp_2",216238.443821354,198614.681368089,-8.15015227718925,"weekly","high_ratio","commercial",5
2,"Catch","spp_1",39277.4551209366,36192.7993514113,-7.85350211725175,"monthly","high_pop","commercial",1
13,"F","spp_4",0.466133793069757,0.429563694504194,-7.84540814445738,"monthly","high_ratio","real_pop",1
14,"F","spp_4",0.466133793069757,0.429563694504194,-7.84540814445738,"yearly","high_ratio","real_pop",1
22,"Bio","spp_1",82586.6752396837,76297.2443349664,-7.61555164494035,"yearly","high_ratio","survey",5
15,"Catch","spp_1",39277.4551209366,36310.8859406711,-7.5528548658037,"weekly","high_pop","commercial",5
17,"Catch","spp_1",39277.4551209366,36399.999795121,-7.32597190158024,"yearly","high_pop","commercial",5
21,"F","spp_2",0.788847477234695,0.73126692375064,-7.29932656765341,"yearly","high_pop","survey",5
37,"Rec","spp_1",60113.3035434758,55727.4082129102,-7.29604774988551,"weekly","high_pop","real_pop",10
12,"F","spp_4",0.466133793069757,0.432132618809783,-7.29429506409665,"weekly","high_ratio","real_pop",1
23,"Bio","spp_2",216238.443821354,200556.965230001,-7.25193832985046,"weekly","high_pop","real_pop",5
15,"Bio","spp_2",216238.443821354,200643.100813531,-7.21210471746963,"weekly","high_pop","commercial",5
45,"Bio","spp_2",216238.443821354,201000.580618744,-7.04678730263096,"yearly","high_pop","commercial",20
30,"Rec","spp_1",60113.3035434758,56061.7377694748,-6.73988208129474,"monthly","high_pop","commercial",10
37,"F","spp_4",0.466133793069757,0.434888544996925,-6.703064342764,"weekly","high_pop","real_pop",10
48,"Bio","spp_2",216238.443821354,202082.627927687,-6.54639186423374,"yearly","high_ratio","commercial",20
34,"F","spp_4",0.466133793069757,0.436007097662534,-6.46310047783085,"yearly","high_ratio","commercial",10
3,"Catch","spp_1",39277.4551209366,36768.3815623164,-6.38807568080638,"yearly","high_pop","commercial",1
32,"F","spp_3",1.08532310328682,1.01780465934834,-6.22104548719287,"weekly","high_ratio","commercial",10
24,"F","spp_4",0.466133793069757,0.437434102474079,-6.15696416401685,"monthly","high_pop","real_pop",5
25,"F","spp_4",0.466133793069757,0.437434102474079,-6.15696416401685,"yearly","high_pop","real_pop",5
35,"Rec","spp_1",60113.3035434758,56441.9644290544,-6.10736542164275,"yearly","high_pop","survey",10
38,"Rec","spp_1",60113.3035434758,56475.0620884372,-6.05230662861061,"monthly","high_pop","real_pop",10
39,"Rec","spp_1",60113.3035434758,56475.0620884372,-6.05230662861061,"yearly","high_pop","real_pop",10
6,"Catch","spp_1",39277.4551209366,36907.8467847925,-6.03299864731058,"yearly","high_ratio","commercial",1
7,"Catch","spp_4",13011.1905015701,12228.7750373051,-6.01340410910591,"yearly","high_pop","survey",1
44,"Bio","spp_2",216238.443821354,203373.521089507,-5.94941514769482,"monthly","high_pop","commercial",20
48,"Catch","spp_1",39277.4551209366,36948.9083545383,-5.92845630967866,"yearly","high_ratio","commercial",20
34,"Rec","spp_1",60113.3035434758,56686.2021151359,-5.70106985695987,"yearly","high_ratio","commercial",10
7,"Catch","spp_1",39277.4551209366,37076.203733197,-5.60436357437588,"yearly","high_pop","survey",1
19,"F","spp_4",0.466133793069757,0.440118862301711,-5.58100081024435,"monthly","high_ratio","commercial",5
19,"Catch","spp_1",39277.4551209366,37093.0386676614,-5.5615020029922,"monthly","high_ratio","commercial",5
46,"Bio","spp_4",26173.2387640711,24735.0570696125,-5.49485567079643,"weekly","high_ratio","commercial",20
20,"Bio","spp_2",216238.443821354,204395.815680157,-5.47665250078317,"yearly","high_ratio","commercial",5
22,"F","spp_3",1.08532310328682,1.02599558629169,-5.46634608767293,"yearly","high_ratio","survey",5
21,"Catch","spp_1",39277.4551209366,37133.0030741103,-5.45975303191984,"yearly","high_pop","survey",5
36,"Bio","spp_1",82586.6752396837,78083.1610568988,-5.45307601948468,"yearly","high_ratio","survey",10
40,"Bio","spp_1",82586.6752396837,78083.1610568988,-5.45307601948468,"weekly","high_ratio","real_pop",10
41,"Bio","spp_1",82586.6752396837,78083.1610568988,-5.45307601948468,"monthly","high_ratio","real_pop",10
42,"Bio","spp_1",82586.6752396837,78083.1610568988,-5.45307601948468,"yearly","high_ratio","real_pop",10
26,"Bio","spp_1",82586.6752396837,78130.8016551156,-5.39539044480997,"weekly","high_ratio","real_pop",5
27,"Bio","spp_1",82586.6752396837,78130.8016551156,-5.39539044480997,"monthly","high_ratio","real_pop",5
28,"Bio","spp_1",82586.6752396837,78130.8016551156,-5.39539044480997,"yearly","high_ratio","real_pop",5
43,"Bio","spp_2",216238.443821354,204661.007921117,-5.3540136969359,"weekly","high_pop","commercial",20
18,"F","spp_4",0.466133793069757,0.441674534577332,-5.2472613777573,"weekly","high_ratio","commercial",5
47,"Bio","spp_1",82586.6752396837,78320.2378595376,-5.16601179035722,"monthly","high_ratio","commercial",20
38,"Bio","spp_2",216238.443821354,205114.486705892,-5.14430131797113,"monthly","high_pop","real_pop",10
39,"Bio","spp_2",216238.443821354,205114.486705892,-5.14430131797113,"yearly","high_pop","real_pop",10
33,"F","spp_3",1.08532310328682,1.03008812622558,-5.08926575818503,"monthly","high_ratio","commercial",10
45,"Catch","spp_1",39277.4551209366,37293.4569981669,-5.05123897834247,"yearly","high_pop","commercial",20
33,"Rec","spp_1",60113.3035434758,57098.1741241997,-5.01574400597607,"monthly","high_ratio","commercial",10
29,"Catch","spp_1",39277.4551209366,37311.2674789819,-5.00589367590325,"weekly","high_pop","commercial",10
50,"Rec","spp_1",60113.3035434758,57200.7101689052,-4.84517270368301,"yearly","high_ratio","survey",20
20,"F","spp_4",0.466133793069757,0.443750837782367,-4.80183063750533,"yearly","high_ratio","commercial",5
35,"Bio","spp_2",216238.443821354,206000.910373228,-4.73437251360532,"yearly","high_pop","survey",10
32,"Rec","spp_1",60113.3035434758,57312.72162695,-4.65883881177874,"weekly","high_ratio","commercial",10
15,"F","spp_4",0.466133793069757,0.444662946325058,-4.60615537082187,"weekly","high_pop","commercial",5
23,"Rec","spp_2",309282.037795219,295092.813400531,-4.58779452432447,"weekly","high_pop","real_pop",5
3,"Rec","spp_2",309282.037795219,295251.411089751,-4.53651521617247,"yearly","high_pop","commercial",1
2,"Rec","spp_2",309282.037795219,295372.432746455,-4.4973853470192,"monthly","high_pop","commercial",1
16,"F","spp_4",0.466133793069757,0.445738446338166,-4.37542762074283,"monthly","high_pop","commercial",5
3,"Bio","spp_4",26173.2387640711,25030.3951711774,-4.36645843945983,"yearly","high_pop","commercial",1
5,"Rec","spp_1",60113.3035434758,57509.970707504,-4.33070998017774,"monthly","high_ratio","commercial",1
36,"F","spp_3",1.08532310328682,1.03903346130816,-4.26505635404593,"yearly","high_ratio","survey",10
40,"F","spp_3",1.08532310328682,1.03903346130816,-4.26505635404593,"weekly","high_ratio","real_pop",10
41,"F","spp_3",1.08532310328682,1.03903346130816,-4.26505635404593,"monthly","high_ratio","real_pop",10
42,"F","spp_3",1.08532310328682,1.03903346130816,-4.26505635404593,"yearly","high_ratio","real_pop",10
10,"Rec","spp_2",309282.037795219,296187.684304841,-4.23379048577292,"monthly","high_pop","real_pop",1
11,"Rec","spp_2",309282.037795219,296187.684304841,-4.23379048577292,"yearly","high_pop","real_pop",1
44,"Catch","spp_1",39277.4551209366,37645.474929081,-4.15500491778492,"monthly","high_pop","commercial",20
31,"Rec","spp_1",60113.3035434758,57652.7326215657,-4.0932219273735,"yearly","high_pop","commercial",10
2,"Catch","spp_2",199139.766897749,191042.497978866,-4.06612352973217,"monthly","high_pop","commercial",1
4,"Rec","spp_1",60113.3035434758,57725.5763738551,-3.97204450408195,"weekly","high_ratio","commercial",1
18,"Catch","spp_1",39277.4551209366,37741.3438114654,-3.91092372136004,"weekly","high_ratio","commercial",5
23,"Catch","spp_2",199139.766897749,191356.860118993,-3.90826347745586,"weekly","high_pop","real_pop",5
26,"F","spp_4",0.466133793069757,0.448145949798003,-3.85894426432666,"weekly","high_ratio","real_pop",5
27,"F","spp_4",0.466133793069757,0.448145949798003,-3.85894426432666,"monthly","high_ratio","real_pop",5
28,"F","spp_4",0.466133793069757,0.448145949798003,-3.85894426432666,"yearly","high_ratio","real_pop",5
54,"F","spp_4",0.466133793069757,0.448220406970525,-3.84297091641045,"weekly","high_ratio","real_pop",20
55,"F","spp_4",0.466133793069757,0.448220406970525,-3.84297091641045,"monthly","high_ratio","real_pop",20
56,"F","spp_4",0.466133793069757,0.448220406970525,-3.84297091641045,"yearly","high_ratio","real_pop",20
46,"Bio","spp_1",82586.6752396837,79431.203593719,-3.82079994963699,"weekly","high_ratio","commercial",20
17,"Rec","spp_2",309282.037795219,297636.269090301,-3.76542032247899,"yearly","high_pop","commercial",5
54,"Bio","spp_1",82586.6752396837,79506.1376425262,-3.73006612533694,"weekly","high_ratio","real_pop",20
55,"Bio","spp_1",82586.6752396837,79506.1376425262,-3.73006612533694,"monthly","high_ratio","real_pop",20
56,"Bio","spp_1",82586.6752396837,79506.1376425262,-3.73006612533694,"yearly","high_ratio","real_pop",20
16,"Rec","spp_2",309282.037795219,298112.847171836,-3.61132857989572,"monthly","high_pop","commercial",5
10,"Catch","spp_2",199139.766897749,191963.413030557,-3.60367694458353,"monthly","high_pop","real_pop",1
11,"Catch","spp_2",199139.766897749,191963.413030557,-3.60367694458353,"yearly","high_pop","real_pop",1
36,"F","spp_4",0.466133793069757,0.449361759026489,-3.59811588274134,"yearly","high_ratio","survey",10
40,"F","spp_4",0.466133793069757,0.449361759026489,-3.59811588274134,"weekly","high_ratio","real_pop",10
41,"F","spp_4",0.466133793069757,0.449361759026489,-3.59811588274134,"monthly","high_ratio","real_pop",10
42,"F","spp_4",0.466133793069757,0.449361759026489,-3.59811588274134,"yearly","high_ratio","real_pop",10
30,"Catch","spp_1",39277.4551209366,37868.397939343,-3.58744520808473,"monthly","high_pop","commercial",10
31,"F","spp_3",1.08532310328682,1.04661576167419,-3.56643487044664,"yearly","high_pop","commercial",10
43,"Catch","spp_1",39277.4551209366,37879.3489164901,-3.55956413199822,"weekly","high_pop","commercial",20
1,"Rec","spp_2",309282.037795219,298371.705733868,-3.52763197602032,"weekly","high_pop","commercial",1
3,"Catch","spp_2",199139.766897749,192190.250706304,-3.4897681662012,"yearly","high_pop","commercial",1
22,"Rec","spp_1",60113.3035434758,58101.1124276107,-3.34733078578828,"yearly","high_ratio","survey",5
38,"Catch","spp_1",39277.4551209366,37981.3416533096,-3.2998916646618,"monthly","high_pop","real_pop",10
39,"Catch","spp_1",39277.4551209366,37981.3416533096,-3.2998916646618,"yearly","high_pop","real_pop",10
1,"Catch","spp_2",199139.766897749,192576.569852292,-3.29577419302014,"weekly","high_pop","commercial",1
9,"Rec","spp_2",309282.037795219,299224.561368252,-3.25187860849079,"weekly","high_pop","real_pop",1
26,"Bio","spp_2",216238.443821354,209284.26041333,-3.21597921494873,"weekly","high_ratio","real_pop",5
27,"Bio","spp_2",216238.443821354,209284.26041333,-3.21597921494873,"monthly","high_ratio","real_pop",5
28,"Bio","spp_2",216238.443821354,209284.26041333,-3.21597921494873,"yearly","high_ratio","real_pop",5
24,"Rec","spp_2",309282.037795219,299400.436426446,-3.19501301763787,"monthly","high_pop","real_pop",5
25,"Rec","spp_2",309282.037795219,299400.436426446,-3.19501301763787,"yearly","high_pop","real_pop",5
46,"F","spp_3",1.08532310328682,1.05093423564664,-3.16853732644629,"weekly","high_ratio","commercial",20
34,"Catch","spp_1",39277.4551209366,38043.0597704195,-3.14275796819433,"yearly","high_ratio","commercial",10
22,"F","spp_4",0.466133793069757,0.451535276954056,-3.13182960187475,"yearly","high_ratio","survey",5
17,"Catch","spp_2",199139.766897749,192941.940068289,-3.11229993185743,"yearly","high_pop","commercial",5
37,"F","spp_2",0.788847477234695,0.764405594217261,-3.09842950922721,"weekly","high_pop","real_pop",10
34,"Bio","spp_2",216238.443821354,209552.141473885,-3.09209695986912,"yearly","high_ratio","commercial",10
20,"Rec","spp_1",60113.3035434758,58326.5924765333,-2.97223902467828,"yearly","high_ratio","commercial",5
13,"Bio","spp_2",216238.443821354,209842.744009116,-2.9577071029618,"monthly","high_ratio","real_pop",1
14,"Bio","spp_2",216238.443821354,209842.744009116,-2.9577071029618,"yearly","high_ratio","real_pop",1
16,"Catch","spp_2",199139.766897749,193349.586780769,-2.90759611060159,"monthly","high_pop","commercial",5
52,"F","spp_4",0.466133793069757,0.45266108973112,-2.89030822028836,"monthly","high_pop","real_pop",20
53,"F","spp_4",0.466133793069757,0.45266108973112,-2.89030822028836,"yearly","high_pop","real_pop",20
24,"Catch","spp_2",199139.766897749,193393.516292844,-2.88553647240913,"monthly","high_pop","real_pop",5
25,"Catch","spp_2",199139.766897749,193393.516292844,-2.88553647240913,"yearly","high_pop","real_pop",5
12,"Bio","spp_2",216238.443821354,210053.488278913,-2.86024789724743,"weekly","high_ratio","real_pop",1
37,"Catch","spp_1",39277.4551209366,38162.8476535038,-2.83777924002682,"weekly","high_pop","real_pop",10
22,"Catch","spp_1",39277.4551209366,38184.3861858493,-2.78294235642745,"yearly","high_ratio","survey",5
35,"Catch","spp_1",39277.4551209366,38237.7410274192,-2.64710147415647,"yearly","high_pop","survey",10
8,"F","spp_3",1.08532310328682,1.05664079563784,-2.64274367348497,"yearly","high_ratio","survey",1
19,"Rec","spp_2",309282.037795219,301192.395657242,-2.61561977399202,"monthly","high_ratio","commercial",5
31,"Catch","spp_1",39277.4551209366,38257.8750013525,-2.59584058194416,"yearly","high_pop","commercial",10
9,"Catch","spp_2",199139.766897749,194194.921866782,-2.48310275139882,"weekly","high_pop","real_pop",1
33,"Catch","spp_1",39277.4551209366,38302.7906434659,-2.48148581538624,"monthly","high_ratio","commercial",10
4,"Rec","spp_2",309282.037795219,301646.222614641,-2.46888414051195,"weekly","high_ratio","commercial",1
32,"Bio","spp_2",216238.443821354,210933.10364878,-2.4534676067855,"weekly","high_ratio","commercial",10
36,"Rec","spp_1",60113.3035434758,58657.7424658256,-2.42136264661866,"yearly","high_ratio","survey",10
40,"Rec","spp_1",60113.3035434758,58657.7424658256,-2.42136264661866,"weekly","high_ratio","real_pop",10
41,"Rec","spp_1",60113.3035434758,58657.7424658256,-2.42136264661866,"monthly","high_ratio","real_pop",10
42,"Rec","spp_1",60113.3035434758,58657.7424658256,-2.42136264661866,"yearly","high_ratio","real_pop",10
5,"Rec","spp_2",309282.037795219,302172.404402569,-2.29875405740747,"monthly","high_ratio","commercial",1
6,"Rec","spp_2",309282.037795219,302236.177396238,-2.27813436861987,"yearly","high_ratio","commercial",1
50,"Catch","spp_1",39277.4551209366,38394.8434570999,-2.24712029106555,"yearly","high_ratio","survey",20
15,"Rec","spp_2",309282.037795219,302389.539361875,-2.22854792424388,"weekly","high_pop","commercial",5
19,"Catch","spp_2",199139.766897749,194706.698658834,-2.22610898263788,"monthly","high_ratio","commercial",5
50,"F","spp_4",0.466133793069757,0.456093312321941,-2.15399117100986,"yearly","high_ratio","survey",20
15,"Catch","spp_2",199139.766897749,194918.794636098,-2.11960289368924,"weekly","high_pop","commercial",5
52,"Bio","spp_2",216238.443821354,211664.513542332,-2.1152253032307,"monthly","high_pop","real_pop",20
53,"Bio","spp_2",216238.443821354,211664.513542332,-2.1152253032307,"yearly","high_pop","real_pop",20
20,"Rec","spp_2",309282.037795219,302818.425489973,-2.0898763960956,"yearly","high_ratio","commercial",5
26,"Rec","spp_1",60113.3035434758,58870.4600766586,-2.067501523882,"weekly","high_ratio","real_pop",5
27,"Rec","spp_1",60113.3035434758,58870.4600766586,-2.067501523882,"monthly","high_ratio","real_pop",5
28,"Rec","spp_1",60113.3035434758,58870.4600766586,-2.067501523882,"yearly","high_ratio","real_pop",5
47,"F","spp_2",0.788847477234695,0.772703303086775,-2.04655204127841,"monthly","high_ratio","commercial",20
32,"Catch","spp_1",39277.4551209366,38484.5728609289,-2.01867014440319,"weekly","high_ratio","commercial",10
4,"Catch","spp_2",199139.766897749,195152.380903582,-2.002305243339,"weekly","high_ratio","commercial",1
51,"Catch","spp_4",13011.1905015701,12755.3782067329,-1.96609445389581,"weekly","high_pop","real_pop",20
45,"Catch","spp_2",199139.766897749,195350.831033421,-1.90265155139675,"yearly","high_pop","commercial",20
45,"Rec","spp_2",309282.037795219,303459.778979796,-1.88250790667588,"yearly","high_pop","commercial",20
29,"Bio","spp_4",26173.2387640711,25696.6205508523,-1.82101350740395,"weekly","high_pop","commercial",10
6,"Catch","spp_2",199139.766897749,195541.265773103,-1.80702286675531,"yearly","high_ratio","commercial",1
31,"Bio","spp_2",216238.443821354,212407.039279325,-1.77184245054714,"yearly","high_pop","commercial",10
44,"Rec","spp_2",309282.037795219,303809.818797027,-1.76932971510461,"monthly","high_pop","commercial",20
26,"Catch","spp_1",39277.4551209366,38587.7649952614,-1.755944023236,"weekly","high_ratio","real_pop",5
27,"Catch","spp_1",39277.4551209366,38587.7649952614,-1.755944023236,"monthly","high_ratio","real_pop",5
28,"Catch","spp_1",39277.4551209366,38587.7649952614,-1.755944023236,"yearly","high_ratio","real_pop",5
51,"Catch","spp_1",39277.4551209366,38616.3071506163,-1.68327598691075,"weekly","high_pop","real_pop",20
33,"Bio","spp_2",216238.443821354,212615.74798708,-1.67532459550395,"monthly","high_ratio","commercial",10
9,"Bio","spp_4",26173.2387640711,25737.2582593901,-1.66574915932643,"weekly","high_pop","real_pop",1
43,"Rec","spp_2",309282.037795219,304258.603164315,-1.62422449965564,"weekly","high_pop","commercial",20
32,"Rec","spp_2",309282.037795219,304286.37933693,-1.61524364424829,"weekly","high_ratio","commercial",10
20,"Catch","spp_2",199139.766897749,195992.41332607,-1.58047466897721,"yearly","high_ratio","commercial",5
44,"Catch","spp_2",199139.766897749,196016.962035057,-1.5681472923965,"monthly","high_pop","commercial",20
2,"Bio","spp_4",26173.2387640711,25775.7219707916,-1.51879099435407,"monthly","high_pop","commercial",1
8,"F","spp_2",0.788847477234695,0.77696829141475,-1.50589133676236,"yearly","high_ratio","survey",1
5,"Catch","spp_2",199139.766897749,196156.798465552,-1.49792704825659,"monthly","high_ratio","commercial",1
49,"Bio","spp_2",216238.443821354,213021.075505262,-1.48787988816169,"yearly","high_pop","survey",20
22,"F","spp_2",0.788847477234695,0.777180531783684,-1.47898621567632,"yearly","high_ratio","survey",5
10,"F","spp_4",0.466133793069757,0.459347900641417,-1.45578212290745,"monthly","high_pop","real_pop",1
11,"F","spp_4",0.466133793069757,0.459347900641417,-1.45578212290745,"yearly","high_pop","real_pop",1
32,"Catch","spp_2",199139.766897749,196284.733569228,-1.43368317287777,"weekly","high_ratio","commercial",10
47,"Rec","spp_4",215255.930848689,212202.119917605,-1.41868840456277,"monthly","high_ratio","commercial",20
38,"Rec","spp_2",309282.037795219,304932.760810038,-1.40624945961493,"monthly","high_pop","real_pop",10
39,"Rec","spp_2",309282.037795219,304932.760810038,-1.40624945961493,"yearly","high_pop","real_pop",10
33,"Rec","spp_2",309282.037795219,305066.30491296,-1.36307071445603,"monthly","high_ratio","commercial",10
33,"Catch","spp_2",199139.766897749,196497.584799381,-1.32679782623442,"monthly","high_ratio","commercial",10
46,"Rec","spp_1",60113.3035434758,59320.2074882702,-1.31933533586628,"weekly","high_ratio","commercial",20
1,"Bio","spp_4",26173.2387640711,25831.2196908754,-1.30675105316057,"weekly","high_pop","commercial",1
54,"Rec","spp_1",60113.3035434758,59336.1749152125,-1.29277311752009,"weekly","high_ratio","real_pop",20
55,"Rec","spp_1",60113.3035434758,59336.1749152125,-1.29277311752009,"monthly","high_ratio","real_pop",20
56,"Rec","spp_1",60113.3035434758,59336.1749152125,-1.29277311752009,"yearly","high_ratio","real_pop",20
47,"Rec","spp_1",60113.3035434758,59345.356093777,-1.27749999489451,"monthly","high_ratio","commercial",20
8,"Bio","spp_1",82586.6752396837,81541.4763643861,-1.26557809993465,"yearly","high_ratio","survey",1
35,"Rec","spp_2",309282.037795219,305383.669727563,-1.26045731444558,"yearly","high_pop","survey",10
46,"Catch","spp_1",39277.4551209366,38784.4436515543,-1.25520217097654,"weekly","high_ratio","commercial",20
5,"Catch","spp_1",39277.4551209366,38786.2749550385,-1.25053969099004,"monthly","high_ratio","commercial",1
49,"Catch","spp_2",199139.766897749,196677.558266024,-1.2364223731312,"yearly","high_pop","survey",20
30,"Rec","spp_2",309282.037795219,305562.364796992,-1.20267993083064,"monthly","high_pop","commercial",10
43,"Rec","spp_4",215255.930848689,212802.26382603,-1.13988358554646,"weekly","high_pop","commercial",20
52,"F","spp_3",1.08532310328682,1.07296683373184,-1.13848765566332,"monthly","high_pop","real_pop",20
53,"F","spp_3",1.08532310328682,1.07296683373184,-1.13848765566332,"yearly","high_pop","real_pop",20
38,"Catch","spp_2",199139.766897749,196893.036252403,-1.128217974916,"monthly","high_pop","real_pop",10
39,"Catch","spp_2",199139.766897749,196893.036252403,-1.128217974916,"yearly","high_pop","real_pop",10
49,"Bio","spp_4",26173.2387640711,25880.6973931111,-1.11771177268892,"yearly","high_pop","survey",20
43,"Catch","spp_2",199139.766897749,196914.047558731,-1.11766694000456,"weekly","high_pop","commercial",20
36,"Catch","spp_1",39277.4551209366,38839.8460324501,-1.11414827447221,"yearly","high_ratio","survey",10
40,"Catch","spp_1",39277.4551209366,38839.8460324501,-1.11414827447221,"weekly","high_ratio","real_pop",10
41,"Catch","spp_1",39277.4551209366,38839.8460324501,-1.11414827447221,"monthly","high_ratio","real_pop",10
42,"Catch","spp_1",39277.4551209366,38839.8460324501,-1.11414827447221,"yearly","high_ratio","real_pop",10
30,"Bio","spp_2",216238.443821354,213833.259713496,-1.11228330418651,"monthly","high_pop","commercial",10
31,"Catch","spp_2",199139.766897749,196974.082659156,-1.08751972161583,"yearly","high_pop","commercial",10
4,"Catch","spp_1",39277.4551209366,38858.3024968438,-1.06715830443255,"weekly","high_ratio","commercial",1
52,"Catch","spp_1",39277.4551209366,38865.4973177079,-1.0488403639194,"monthly","high_pop","real_pop",20
53,"Catch","spp_1",39277.4551209366,38865.4973177079,-1.0488403639194,"yearly","high_pop","real_pop",20
13,"Bio","spp_1",82586.6752396837,81728.8529630212,-1.03869331726088,"monthly","high_ratio","real_pop",1
14,"Bio","spp_1",82586.6752396837,81728.8529630212,-1.03869331726088,"yearly","high_ratio","real_pop",1
47,"Bio","spp_3",72614.8681481333,71862.7918030936,-1.03570572283553,"monthly","high_ratio","commercial",20
13,"Rec","spp_2",309282.037795219,306157.176645496,-1.01035972602834,"monthly","high_ratio","real_pop",1
14,"Rec","spp_2",309282.037795219,306157.176645496,-1.01035972602834,"yearly","high_ratio","real_pop",1
52,"Rec","spp_2",309282.037795219,306157.310674751,-1.01031639041949,"monthly","high_pop","real_pop",20
53,"Rec","spp_2",309282.037795219,306157.310674751,-1.01031639041949,"yearly","high_pop","real_pop",20
31,"Rec","spp_2",309282.037795219,306157.4395975,-1.010274705894,"yearly","high_pop","commercial",10
30,"Catch","spp_2",199139.766897749,197134.116209283,-1.00715729445231,"monthly","high_pop","commercial",10
36,"F","spp_2",0.788847477234695,0.780922692172785,-1.00460295438744,"yearly","high_ratio","survey",10
40,"F","spp_2",0.788847477234695,0.780922692172785,-1.00460295438744,"weekly","high_ratio","real_pop",10
41,"F","spp_2",0.788847477234695,0.780922692172785,-1.00460295438744,"monthly","high_ratio","real_pop",10
42,"F","spp_2",0.788847477234695,0.780922692172785,-1.00460295438744,"yearly","high_ratio","real_pop",10
35,"Catch","spp_2",199139.766897749,197167.51248434,-0.990387025220237,"yearly","high_pop","survey",10
9,"Catch","spp_4",13011.1905015701,12885.4117692796,-0.966696569966648,"weekly","high_pop","real_pop",1
49,"Rec","spp_2",309282.037795219,306345.218377646,-0.949560290830052,"yearly","high_pop","survey",20
26,"Catch","spp_4",13011.1905015701,12888.6571106455,-0.941753876479127,"weekly","high_ratio","real_pop",5
27,"Catch","spp_4",13011.1905015701,12888.6571106455,-0.941753876479127,"monthly","high_ratio","real_pop",5
28,"Catch","spp_4",13011.1905015701,12888.6571106455,-0.941753876479127,"yearly","high_ratio","real_pop",5
33,"F","spp_4",0.466133793069757,0.461836566538123,-0.921886933649156,"monthly","high_ratio","commercial",10
47,"Catch","spp_4",13011.1905015701,12891.6656646877,-0.918631057380924,"monthly","high_ratio","commercial",20
9,"Rec","spp_4",215255.930848689,213335.812081273,-0.892016661211423,"weekly","high_pop","real_pop",1
23,"Catch","spp_4",13011.1905015701,12895.2866459618,-0.89080131133524,"weekly","high_pop","real_pop",5
21,"Catch","spp_2",199139.766897749,197396.438758019,-0.875429436766059,"yearly","high_pop","survey",5
51,"Catch","spp_2",199139.766897749,197437.422398631,-0.854849097012522,"weekly","high_pop","real_pop",20
7,"Catch","spp_2",199139.766897749,197445.348449436,-0.850868952348953,"yearly","high_pop","survey",1
44,"Bio","spp_4",26173.2387640711,25950.5954046426,-0.850652689319165,"monthly","high_pop","commercial",20
26,"Catch","spp_2",199139.766897749,197453.390879899,-0.846830366491196,"weekly","high_ratio","real_pop",5
27,"Catch","spp_2",199139.766897749,197453.390879899,-0.846830366491196,"monthly","high_ratio","real_pop",5
28,"Catch","spp_2",199139.766897749,197453.390879899,-0.846830366491196,"yearly","high_ratio","real_pop",5
13,"Catch","spp_2",199139.766897749,197480.07779344,-0.833429269383833,"monthly","high_ratio","real_pop",1
14,"Catch","spp_2",199139.766897749,197480.07779344,-0.833429269383833,"yearly","high_ratio","real_pop",1
18,"Rec","spp_2",309282.037795219,306728.829192286,-0.825527606172707,"weekly","high_ratio","commercial",5
29,"Catch","spp_2",199139.766897749,197524.258189421,-0.811243647361318,"weekly","high_pop","commercial",10
48,"Catch","spp_2",199139.766897749,197609.290512061,-0.768543827046564,"yearly","high_ratio","commercial",20
52,"Catch","spp_2",199139.766897749,197671.791790287,-0.737158193127459,"monthly","high_pop","real_pop",20
53,"Catch","spp_2",199139.766897749,197671.791790287,-0.737158193127459,"yearly","high_pop","real_pop",20
44,"Rec","spp_4",215255.930848689,213679.827901658,-0.732199545358695,"monthly","high_pop","commercial",20
21,"Rec","spp_2",309282.037795219,307022.589168808,-0.730546346150085,"yearly","high_pop","survey",5
22,"Catch","spp_4",13011.1905015701,12919.4201743549,-0.705318450330219,"yearly","high_ratio","survey",5
24,"Catch","spp_4",13011.1905015701,12921.1417562617,-0.692086902405571,"monthly","high_pop","real_pop",5
25,"Catch","spp_4",13011.1905015701,12921.1417562617,-0.692086902405571,"yearly","high_pop","real_pop",5
48,"Rec","spp_2",309282.037795219,307153.82911741,-0.688112602005604,"yearly","high_ratio","commercial",20
54,"Catch","spp_4",13011.1905015701,12922.6768406921,-0.680288716603843,"weekly","high_ratio","real_pop",20
55,"Catch","spp_4",13011.1905015701,12922.6768406921,-0.680288716603843,"monthly","high_ratio","real_pop",20
56,"Catch","spp_4",13011.1905015701,12922.6768406921,-0.680288716603843,"yearly","high_ratio","real_pop",20
18,"Catch","spp_2",199139.766897749,197799.321372015,-0.673117954598114,"weekly","high_ratio","commercial",5
48,"F","spp_4",0.466133793069757,0.463095777517844,-0.65174754482101,"yearly","high_ratio","commercial",20
46,"F","spp_2",0.788847477234695,0.783740522942239,-0.647394387360995,"weekly","high_ratio","commercial",20
12,"Rec","spp_2",309282.037795219,307301.972042528,-0.640213627279001,"weekly","high_ratio","real_pop",1
15,"Catch","spp_4",13011.1905015701,12929.0640557531,-0.631198550256479,"weekly","high_pop","commercial",5
22,"Rec","spp_4",215255.930848689,213900.42670918,-0.629717441078026,"yearly","high_ratio","survey",5
17,"Bio","spp_4",26173.2387640711,26015.3841366082,-0.603114612164671,"yearly","high_pop","commercial",5
49,"Bio","spp_3",72614.8681481333,72187.1612602783,-0.589007318697425,"yearly","high_pop","survey",20
10,"Rec","spp_4",215255.930848689,214009.490688745,-0.579050321647413,"monthly","high_pop","real_pop",1
11,"Rec","spp_4",215255.930848689,214009.490688745,-0.579050321647413,"yearly","high_pop","real_pop",1
38,"F","spp_4",0.466133793069757,0.463486631594116,-0.567897353720728,"monthly","high_pop","real_pop",10
39,"F","spp_4",0.466133793069757,0.463486631594116,-0.567897353720728,"yearly","high_pop","real_pop",10
3,"Rec","spp_4",215255.930848689,214056.689926238,-0.557123289343435,"yearly","high_pop","commercial",1
13,"Catch","spp_1",39277.4551209366,39059.9244443382,-0.553830883209394,"monthly","high_ratio","real_pop",1
14,"Catch","spp_1",39277.4551209366,39059.9244443382,-0.553830883209394,"yearly","high_ratio","real_pop",1
46,"Rec","spp_4",215255.930848689,214065.172222355,-0.553182726087925,"weekly","high_ratio","commercial",20
16,"Catch","spp_4",13011.1905015701,12942.7062267881,-0.526349028351429,"monthly","high_pop","commercial",5
52,"Catch","spp_3",112625.579754659,112037.535263894,-0.522123386220147,"monthly","high_pop","real_pop",20
53,"Catch","spp_3",112625.579754659,112037.535263894,-0.522123386220147,"yearly","high_pop","real_pop",20
46,"Catch","spp_4",13011.1905015701,12943.9085254017,-0.517108531769547,"weekly","high_ratio","commercial",20
50,"Catch","spp_4",13011.1905015701,12945.2865542375,-0.50651742686114,"yearly","high_ratio","survey",20
30,"Bio","spp_4",26173.2387640711,26043.617532101,-0.495243378698717,"monthly","high_pop","commercial",10
32,"F","spp_4",0.466133793069757,0.463833930574787,-0.493391066934662,"weekly","high_ratio","commercial",10
43,"Catch","spp_4",13011.1905015701,12947.9929316787,-0.485717043984075,"weekly","high_pop","commercial",20
13,"Rec","spp_1",60113.3035434758,59828.8616025756,-0.473176358864516,"monthly","high_ratio","real_pop",1
14,"Rec","spp_1",60113.3035434758,59828.8616025756,-0.473176358864516,"yearly","high_ratio","real_pop",1
47,"Catch","spp_1",39277.4551209366,39092.316460937,-0.471361139436257,"monthly","high_ratio","commercial",20
35,"F","spp_4",0.466133793069757,0.464015427924648,-0.454454316894313,"yearly","high_pop","survey",10
49,"Catch","spp_4",13011.1905015701,12952.2088898533,-0.453314488859949,"yearly","high_pop","survey",20
37,"Catch","spp_4",13011.1905015701,12953.7005143515,-0.441850322702478,"weekly","high_pop","real_pop",10
29,"F","spp_2",0.788847477234695,0.785429810661671,-0.433248083014119,"weekly","high_pop","commercial",10
50,"F","spp_2",0.788847477234695,0.785560839190387,-0.416637960969272,"yearly","high_ratio","survey",20
52,"Catch","spp_4",13011.1905015701,12958.5116258048,-0.404873602910711,"monthly","high_pop","real_pop",20
53,"Catch","spp_4",13011.1905015701,12958.5116258048,-0.404873602910711,"yearly","high_pop","real_pop",20
29,"Rec","spp_2",309282.037795219,308087.100119159,-0.386358575680011,"weekly","high_pop","commercial",10
10,"Catch","spp_4",13011.1905015701,12964.1445150327,-0.361580952424878,"monthly","high_pop","real_pop",1
11,"Catch","spp_4",13011.1905015701,12964.1445150327,-0.361580952424878,"yearly","high_pop","real_pop",1
29,"Catch","spp_4",13011.1905015701,12964.5006566153,-0.358843757987608,"weekly","high_pop","commercial",10
29,"Bio","spp_2",216238.443821354,215463.242379247,-0.358493812851813,"weekly","high_pop","commercial",10
54,"F","spp_2",0.788847477234695,0.786180228249937,-0.338119733121012,"weekly","high_ratio","real_pop",20
55,"F","spp_2",0.788847477234695,0.786180228249937,-0.338119733121012,"monthly","high_ratio","real_pop",20
56,"F","spp_2",0.788847477234695,0.786180228249937,-0.338119733121012,"yearly","high_ratio","real_pop",20
44,"Catch","spp_4",13011.1905015701,12971.2865473984,-0.306689492916679,"monthly","high_pop","commercial",20
17,"Catch","spp_4",13011.1905015701,12973.4783422471,-0.28984403324561,"yearly","high_pop","commercial",5
8,"Rec","spp_4",215255.930848689,214685.012713432,-0.265227598146299,"yearly","high_ratio","survey",1
8,"Catch","spp_4",13011.1905015701,12978.3876498154,-0.252112608378756,"yearly","high_ratio","survey",1
26,"Rec","spp_2",309282.037795219,308506.039454758,-0.250903138764036,"weekly","high_ratio","real_pop",5
27,"Rec","spp_2",309282.037795219,308506.039454758,-0.250903138764036,"monthly","high_ratio","real_pop",5
28,"Rec","spp_2",309282.037795219,308506.039454758,-0.250903138764036,"yearly","high_ratio","real_pop",5
43,"F","spp_4",0.466133793069757,0.464983753878354,-0.246718690749566,"weekly","high_pop","commercial",20
8,"F","spp_4",0.466133793069757,0.465030747278704,-0.236637164576471,"yearly","high_ratio","survey",1
43,"Bio","spp_4",26173.2387640711,26111.9771062672,-0.234062197484086,"weekly","high_pop","commercial",20
49,"F","spp_3",1.08532310328682,1.08294412983143,-0.219194952009054,"yearly","high_pop","survey",20
12,"Catch","spp_2",199139.766897749,198748.014511045,-0.196722328647228,"weekly","high_ratio","real_pop",1
13,"Catch","spp_4",13011.1905015701,12987.8775506293,-0.179176155617794,"monthly","high_ratio","real_pop",1
14,"Catch","spp_4",13011.1905015701,12987.8775506293,-0.179176155617794,"yearly","high_ratio","real_pop",1
3,"Catch","spp_4",13011.1905015701,12988.7915490498,-0.172151445461871,"yearly","high_pop","commercial",1
2,"Rec","spp_4",215255.930848689,214906.219334666,-0.162463125937605,"monthly","high_pop","commercial",1
31,"Catch","spp_4",13011.1905015701,12992.1530212387,-0.146316206261328,"yearly","high_pop","commercial",10
1,"Catch","spp_4",13011.1905015701,12993.5288979924,-0.135741641593227,"weekly","high_pop","commercial",1
48,"Catch","spp_4",13011.1905015701,12994.5000234198,-0.128277870870355,"yearly","high_ratio","commercial",20
9,"F","spp_4",0.466133793069757,0.465626614729014,-0.108805314757995,"weekly","high_pop","real_pop",1
54,"Bio","spp_2",216238.443821354,216014.453984073,-0.103584650963288,"weekly","high_ratio","real_pop",20
55,"Bio","spp_2",216238.443821354,216014.453984073,-0.103584650963288,"monthly","high_ratio","real_pop",20
56,"Bio","spp_2",216238.443821354,216014.453984073,-0.103584650963288,"yearly","high_ratio","real_pop",20
8,"Bio","spp_4",26173.2387640711,26147.0570703191,-0.100032303942148,"yearly","high_ratio","survey",1
49,"Bio","spp_1",82586.6752396837,82504.1466131464,-0.0999297117818835,"yearly","high_pop","survey",20
2,"Catch","spp_4",13011.1905015701,12999.87717897,-0.0869507106106805,"monthly","high_pop","commercial",1
54,"Catch","spp_1",39277.4551209366,39246.993655988,-0.0775545789685299,"weekly","high_ratio","real_pop",20
55,"Catch","spp_1",39277.4551209366,39246.993655988,-0.0775545789685299,"monthly","high_ratio","real_pop",20
56,"Catch","spp_1",39277.4551209366,39246.993655988,-0.0775545789685299,"yearly","high_ratio","real_pop",20
46,"Catch","spp_2",199139.766897749,198986.291147291,-0.0770693633162763,"weekly","high_ratio","commercial",20
16,"Rec","spp_4",215255.930848689,215094.439694094,-0.0750228595136421,"monthly","high_pop","commercial",5
36,"Catch","spp_4",13011.1905015701,13001.731889255,-0.0726959790031145,"yearly","high_ratio","survey",10
40,"Catch","spp_4",13011.1905015701,13001.731889255,-0.0726959790031145,"weekly","high_ratio","real_pop",10
41,"Catch","spp_4",13011.1905015701,13001.731889255,-0.0726959790031145,"monthly","high_ratio","real_pop",10
42,"Catch","spp_4",13011.1905015701,13001.731889255,-0.0726959790031145,"yearly","high_ratio","real_pop",10
45,"Catch","spp_4",13011.1905015701,13004.1308642404,-0.0542581966565016,"yearly","high_pop","commercial",20
8,"Catch","spp_2",199139.766897749,199073.280238729,-0.0333869322315044,"yearly","high_ratio","survey",1
7,"Rec","spp_2",309282.037795219,309206.215228089,-0.0245156710911418,"yearly","high_pop","survey",1
17,"Rec","spp_4",215255.930848689,215205.83285287,-0.0232736889626083,"yearly","high_pop","commercial",5
45,"F","spp_4",0.466133793069757,0.466055226641347,-0.0168549093795736,"yearly","high_pop","commercial",20
8,"Rec","spp_1",60113.3035434758,60117.8698295073,0.00759613224085006,"yearly","high_ratio","survey",1
49,"Rec","spp_4",215255.930848689,215296.974206792,0.0190672368192011,"yearly","high_pop","survey",20
29,"Rec","spp_4",215255.930848689,215304.046012035,0.0223525378165936,"weekly","high_pop","commercial",10
35,"Catch","spp_4",13011.1905015701,13014.2744619845,0.0237023692336709,"yearly","high_pop","survey",10
36,"Rec","spp_4",215255.930848689,215310.764813521,0.0254738462327832,"yearly","high_ratio","survey",10
40,"Rec","spp_4",215255.930848689,215310.764813521,0.0254738462327832,"weekly","high_ratio","real_pop",10
41,"Rec","spp_4",215255.930848689,215310.764813521,0.0254738462327832,"monthly","high_ratio","real_pop",10
42,"Rec","spp_4",215255.930848689,215310.764813521,0.0254738462327832,"yearly","high_ratio","real_pop",10
8,"Catch","spp_1",39277.4551209366,39291.9473767227,0.0368971353705271,"yearly","high_ratio","survey",1
52,"Rec","spp_4",215255.930848689,215338.260085999,0.038247140037143,"monthly","high_pop","real_pop",20
53,"Rec","spp_4",215255.930848689,215338.260085999,0.038247140037143,"yearly","high_pop","real_pop",20
49,"F","spp_2",0.788847477234695,0.789317854135137,0.0596283710116857,"yearly","high_pop","survey",20
46,"Rec","spp_2",309282.037795219,309491.469298541,0.0677153787575845,"weekly","high_ratio","commercial",20
30,"Catch","spp_4",13011.1905015701,13020.6494957133,0.0726989136165166,"monthly","high_pop","commercial",10
20,"Catch","spp_1",39277.4551209366,39309.0430654262,0.0804225843866262,"yearly","high_ratio","commercial",5
54,"Catch","spp_2",199139.766897749,199301.41056366,0.0811709627008518,"weekly","high_ratio","real_pop",20
55,"Catch","spp_2",199139.766897749,199301.41056366,0.0811709627008518,"monthly","high_ratio","real_pop",20
56,"Catch","spp_2",199139.766897749,199301.41056366,0.0811709627008518,"yearly","high_ratio","real_pop",20
54,"Rec","spp_2",309282.037795219,309559.176894067,0.0896072403115919,"weekly","high_ratio","real_pop",20
55,"Rec","spp_2",309282.037795219,309559.176894067,0.0896072403115919,"monthly","high_ratio","real_pop",20
56,"Rec","spp_2",309282.037795219,309559.176894067,0.0896072403115919,"yearly","high_ratio","real_pop",20
12,"Catch","spp_4",13011.1905015701,13022.958079234,0.0904419750249938,"weekly","high_ratio","real_pop",1
45,"Bio","spp_4",26173.2387640711,26198.1517443809,0.0951849350183354,"yearly","high_pop","commercial",20
49,"Catch","spp_3",112625.579754659,112778.813776874,0.136056145103826,"yearly","high_pop","survey",20
8,"Rec","spp_2",309282.037795219,309723.517627125,0.14274344383299,"yearly","high_ratio","survey",1
52,"Rec","spp_3",108095.901996681,108259.592712257,0.151431009457919,"monthly","high_pop","real_pop",20
53,"Rec","spp_3",108095.901996681,108259.592712257,0.151431009457919,"yearly","high_pop","real_pop",20
45,"Rec","spp_4",215255.930848689,215605.823928322,0.162547474651682,"yearly","high_pop","commercial",20
36,"Catch","spp_2",199139.766897749,199479.041269578,0.170369975376788,"yearly","high_ratio","survey",10
40,"Catch","spp_2",199139.766897749,199479.041269578,0.170369975376788,"weekly","high_ratio","real_pop",10
41,"Catch","spp_2",199139.766897749,199479.041269578,0.170369975376788,"monthly","high_ratio","real_pop",10
42,"Catch","spp_2",199139.766897749,199479.041269578,0.170369975376788,"yearly","high_ratio","real_pop",10
32,"Rec","spp_4",215255.930848689,215642.595271045,0.179630090019397,"weekly","high_ratio","commercial",10
30,"F","spp_2",0.788847477234695,0.790962679566281,0.268138314772849,"monthly","high_pop","commercial",10
49,"Rec","spp_1",60113.3035434758,60275.9566715924,0.270577590198343,"yearly","high_pop","survey",20
35,"Rec","spp_4",215255.930848689,215873.093307123,0.286711012328869,"yearly","high_pop","survey",10
38,"Catch","spp_4",13011.1905015701,13048.5218360898,0.286917131181731,"monthly","high_pop","real_pop",10
39,"Catch","spp_4",13011.1905015701,13048.5218360898,0.286917131181731,"yearly","high_pop","real_pop",10
34,"Rec","spp_2",309282.037795219,310214.547849231,0.301507989490438,"yearly","high_ratio","commercial",10
1,"Rec","spp_4",215255.930848689,215913.822586303,0.30563233961546,"weekly","high_pop","commercial",1
17,"F","spp_4",0.466133793069757,0.467559498696458,0.305857598804971,"yearly","high_pop","commercial",5
13,"F","spp_1",0.455140736818498,0.456545660990345,0.308679065219933,"monthly","high_ratio","real_pop",1
14,"F","spp_1",0.455140736818498,0.456545660990345,0.308679065219933,"yearly","high_ratio","real_pop",1
22,"Rec","spp_2",309282.037795219,310250.161967664,0.313023083832091,"yearly","high_ratio","survey",5
22,"Catch","spp_2",199139.766897749,199770.686180876,0.316822346915103,"yearly","high_ratio","survey",5
32,"Catch","spp_4",13011.1905015701,13053.1858965014,0.322763661989787,"weekly","high_ratio","commercial",10
52,"Bio","spp_3",72614.8681481333,72878.5239322712,0.363087878366846,"monthly","high_pop","real_pop",20
53,"Bio","spp_3",72614.8681481333,72878.5239322712,0.363087878366846,"yearly","high_pop","real_pop",20
12,"Bio","spp_1",82586.6752396837,82899.3263853932,0.378573353149416,"weekly","high_ratio","real_pop",1
34,"Catch","spp_2",199139.766897749,199924.152494863,0.393886971614605,"yearly","high_ratio","commercial",10
31,"F","spp_2",0.788847477234695,0.792053336005166,0.40639779716464,"yearly","high_pop","commercial",10
37,"Catch","spp_2",199139.766897749,199968.925997709,0.416370428105098,"weekly","high_pop","real_pop",10
26,"Rec","spp_4",215255.930848689,216173.900388642,0.426454934985113,"weekly","high_ratio","real_pop",5
27,"Rec","spp_4",215255.930848689,216173.900388642,0.426454934985113,"monthly","high_ratio","real_pop",5
28,"Rec","spp_4",215255.930848689,216173.900388642,0.426454934985113,"yearly","high_ratio","real_pop",5
44,"F","spp_4",0.466133793069757,0.468153624318264,0.43331577296847,"monthly","high_pop","commercial",20
51,"Rec","spp_2",309282.037795219,310690.186056381,0.455295842978988,"weekly","high_pop","real_pop",20
47,"Catch","spp_2",199139.766897749,200067.488587592,0.465864605696504,"monthly","high_ratio","commercial",20
49,"F","spp_4",0.466133793069757,0.46838171555179,0.482248340595332,"yearly","high_pop","survey",20
54,"Rec","spp_4",215255.930848689,216298.816738748,0.484486483576703,"weekly","high_ratio","real_pop",20
55,"Rec","spp_4",215255.930848689,216298.816738748,0.484486483576703,"monthly","high_ratio","real_pop",20
56,"Rec","spp_4",215255.930848689,216298.816738748,0.484486483576703,"yearly","high_ratio","real_pop",20
50,"Bio","spp_2",216238.443821354,217320.584651078,0.500438687312132,"yearly","high_ratio","survey",20
32,"Bio","spp_4",26173.2387640711,26311.8963792956,0.529768655970928,"weekly","high_ratio","commercial",10
36,"Rec","spp_2",309282.037795219,310930.841889813,0.533106968108495,"yearly","high_ratio","survey",10
40,"Rec","spp_2",309282.037795219,310930.841889813,0.533106968108495,"weekly","high_ratio","real_pop",10
41,"Rec","spp_2",309282.037795219,310930.841889813,0.533106968108495,"monthly","high_ratio","real_pop",10
42,"Rec","spp_2",309282.037795219,310930.841889813,0.533106968108495,"yearly","high_ratio","real_pop",10
50,"Rec","spp_2",309282.037795219,310956.967196582,0.541554049922573,"yearly","high_ratio","survey",20
38,"Rec","spp_4",215255.930848689,216424.631646722,0.542935469152726,"monthly","high_pop","real_pop",10
39,"Rec","spp_4",215255.930848689,216424.631646722,0.542935469152726,"yearly","high_pop","real_pop",10
15,"Rec","spp_4",215255.930848689,216523.992960242,0.589095086278574,"weekly","high_pop","commercial",5
47,"Rec","spp_2",309282.037795219,311107.046036875,0.590078963093178,"monthly","high_ratio","commercial",20
51,"Rec","spp_1",60113.3035434758,60475.1582096701,0.60195438424472,"weekly","high_pop","real_pop",20
13,"Rec","spp_4",215255.930848689,216552.10603828,0.602155389856187,"monthly","high_ratio","real_pop",1
14,"Rec","spp_4",215255.930848689,216552.10603828,0.602155389856187,"yearly","high_ratio","real_pop",1
49,"Catch","spp_1",39277.4551209366,39517.4616835286,0.611054259633111,"yearly","high_pop","survey",20
50,"Catch","spp_2",199139.766897749,200360.131248104,0.612818006853515,"yearly","high_ratio","survey",20
20,"Catch","spp_4",13011.1905015701,13091.8576462278,0.619982811319202,"yearly","high_ratio","commercial",5
48,"Bio","spp_4",26173.2387640711,26340.4868913381,0.63900432336492,"yearly","high_ratio","commercial",20
35,"Bio","spp_4",26173.2387640711,26346.5245428195,0.662072356846656,"yearly","high_pop","survey",10
33,"F","spp_2",0.788847477234695,0.794178197185425,0.675760537311589,"monthly","high_ratio","commercial",10
12,"Rec","spp_1",60113.3035434758,60525.7663716274,0.686142340943417,"weekly","high_ratio","real_pop",1
33,"Rec","spp_4",215255.930848689,216827.332346757,0.730015424835058,"monthly","high_ratio","commercial",10
30,"F","spp_4",0.466133793069757,0.469537669767122,0.730235985455736,"monthly","high_pop","commercial",10
37,"Rec","spp_2",309282.037795219,311546.239126216,0.732083035645297,"weekly","high_pop","real_pop",10
1,"F","spp_4",0.466133793069757,0.469567366086088,0.736606756982554,"weekly","high_pop","commercial",1
48,"Rec","spp_4",215255.930848689,216885.604143435,0.757086361486266,"yearly","high_ratio","commercial",20
47,"F","spp_3",1.08532310328682,1.09372154515713,0.773819505442793,"monthly","high_ratio","commercial",20
49,"F","spp_1",0.455140736818498,0.458669772953036,0.775372505481667,"yearly","high_pop","survey",20
18,"Catch","spp_4",13011.1905015701,13118.861352715,0.827524976534103,"weekly","high_ratio","commercial",5
33,"Catch","spp_4",13011.1905015701,13119.3358977693,0.831172183561612,"monthly","high_ratio","commercial",10
20,"Rec","spp_4",215255.930848689,217052.429195816,0.834587154018994,"yearly","high_ratio","commercial",5
52,"F","spp_2",0.788847477234695,0.795438023670288,0.83546523577614,"monthly","high_pop","real_pop",20
53,"F","spp_2",0.788847477234695,0.795438023670288,0.83546523577614,"yearly","high_pop","real_pop",20
10,"Bio","spp_4",26173.2387640711,26399.9271517046,0.866107514155693,"monthly","high_pop","real_pop",1
11,"Bio","spp_4",26173.2387640711,26399.9271517046,0.866107514155693,"yearly","high_pop","real_pop",1
50,"Rec","spp_4",215255.930848689,217128.079422346,0.869731470940164,"yearly","high_ratio","survey",20
37,"Rec","spp_4",215255.930848689,217225.527853521,0.915002433180782,"weekly","high_pop","real_pop",10
12,"F","spp_1",0.455140736818498,0.459391665912194,0.933981239167881,"weekly","high_ratio","real_pop",1
47,"Catch","spp_3",112625.579754659,113678.872263101,0.935216059030663,"monthly","high_ratio","commercial",20
49,"Rec","spp_3",108095.901996681,109108.043334106,0.936336455619016,"yearly","high_pop","survey",20
38,"Bio","spp_4",26173.2387640711,26422.8306752278,0.953614924795994,"monthly","high_pop","real_pop",10
39,"Bio","spp_4",26173.2387640711,26422.8306752278,0.953614924795994,"yearly","high_pop","real_pop",10
24,"Rec","spp_4",215255.930848689,217390.88723668,0.991822329620885,"monthly","high_pop","real_pop",5
25,"Rec","spp_4",215255.930848689,217390.88723668,0.991822329620885,"yearly","high_pop","real_pop",5
30,"Rec","spp_4",215255.930848689,217427.145285723,1.00866648759621,"monthly","high_pop","commercial",10
19,"Catch","spp_4",13011.1905015701,13150.3687376954,1.06968102656334,"monthly","high_ratio","commercial",5
2,"F","spp_4",0.466133793069757,0.471156113570252,1.0774418364779,"monthly","high_pop","commercial",1
47,"Rec","spp_3",108095.901996681,109326.080868583,1.13804394910355,"monthly","high_ratio","commercial",20
34,"Rec","spp_4",215255.930848689,217806.093934369,1.18471211251893,"yearly","high_ratio","commercial",10
5,"Catch","spp_4",13011.1905015701,13165.5710955208,1.18652166327198,"monthly","high_ratio","commercial",1
8,"F","spp_1",0.455140736818498,0.460643085417729,1.20893344719988,"yearly","high_ratio","survey",1
51,"Rec","spp_4",215255.930848689,217881.481367238,1.21973434515696,"weekly","high_pop","real_pop",20
34,"Catch","spp_4",13011.1905015701,13170.6168869454,1.22530206099177,"yearly","high_ratio","commercial",10
29,"F","spp_4",0.466133793069757,0.471919220011885,1.24115158097165,"weekly","high_pop","commercial",10
32,"F","spp_2",0.788847477234695,0.798667107436919,1.24480720108864,"weekly","high_ratio","commercial",10
33,"Bio","spp_4",26173.2387640711,26513.6156493958,1.30047675181856,"monthly","high_ratio","commercial",10
36,"Bio","spp_2",216238.443821354,219094.765036483,1.32091276863285,"yearly","high_ratio","survey",10
40,"Bio","spp_2",216238.443821354,219094.765036483,1.32091276863285,"weekly","high_ratio","real_pop",10
41,"Bio","spp_2",216238.443821354,219094.765036483,1.32091276863285,"monthly","high_ratio","real_pop",10
42,"Bio","spp_2",216238.443821354,219094.765036483,1.32091276863285,"yearly","high_ratio","real_pop",10
26,"F","spp_2",0.788847477234695,0.799337608201323,1.32980471756104,"weekly","high_ratio","real_pop",5
27,"F","spp_2",0.788847477234695,0.799337608201323,1.32980471756104,"monthly","high_ratio","real_pop",5
28,"F","spp_2",0.788847477234695,0.799337608201323,1.32980471756104,"yearly","high_ratio","real_pop",5
12,"Rec","spp_4",215255.930848689,218144.574323121,1.3419576701292,"weekly","high_ratio","real_pop",1
4,"Catch","spp_4",13011.1905015701,13186.6501329812,1.34852864839643,"weekly","high_ratio","commercial",1
12,"Catch","spp_1",39277.4551209366,39825.1635341732,1.39446003197034,"weekly","high_ratio","real_pop",1
46,"Bio","spp_2",216238.443821354,219306.870734227,1.41900157004831,"weekly","high_ratio","commercial",20
18,"Rec","spp_4",215255.930848689,218348.725390334,1.4367987583203,"weekly","high_ratio","commercial",5
23,"Rec","spp_4",215255.930848689,218490.544706649,1.50268280423532,"weekly","high_pop","real_pop",5
6,"Catch","spp_4",13011.1905015701,13222.9063363507,1.62718265292558,"yearly","high_ratio","commercial",1
4,"Rec","spp_4",215255.930848689,218855.620675214,1.67228369147945,"weekly","high_ratio","commercial",1
50,"Bio","spp_4",26173.2387640711,26611.9321938496,1.67611442257091,"yearly","high_ratio","survey",20
13,"F","spp_2",0.788847477234695,0.802155307699407,1.68699664368108,"monthly","high_ratio","real_pop",1
14,"F","spp_2",0.788847477234695,0.802155307699407,1.68699664368108,"yearly","high_ratio","real_pop",1
8,"Bio","spp_2",216238.443821354,219945.577240892,1.71437296441164,"yearly","high_ratio","survey",1
31,"Rec","spp_4",215255.930848689,218961.376690836,1.72141405235036,"yearly","high_pop","commercial",10
19,"Rec","spp_4",215255.930848689,218996.38584534,1.7376780197894,"monthly","high_ratio","commercial",5
12,"F","spp_2",0.788847477234695,0.805826234365647,2.15234980410551,"weekly","high_ratio","real_pop",1
5,"Rec","spp_4",215255.930848689,219941.845863246,2.1769040212188,"monthly","high_ratio","commercial",1
22,"Bio","spp_2",216238.443821354,221219.559687377,2.30352927906688,"yearly","high_ratio","survey",5
46,"Catch","spp_3",112625.579754659,115520.567049854,2.57045273507255,"weekly","high_ratio","commercial",20
52,"Bio","spp_4",26173.2387640711,26862.5124950505,2.63350568568362,"monthly","high_pop","real_pop",20
53,"Bio","spp_4",26173.2387640711,26862.5124950505,2.63350568568362,"yearly","high_pop","real_pop",20
22,"Bio","spp_4",26173.2387640711,26872.4328651155,2.67140840821059,"yearly","high_ratio","survey",5
46,"F","spp_1",0.455140736818498,0.467579134499196,2.7328684678159,"weekly","high_ratio","commercial",20
26,"F","spp_1",0.455140736818498,0.467823515126186,2.78656188772331,"weekly","high_ratio","real_pop",5
27,"F","spp_1",0.455140736818498,0.467823515126186,2.78656188772331,"monthly","high_ratio","real_pop",5
28,"F","spp_1",0.455140736818498,0.467823515126186,2.78656188772331,"yearly","high_ratio","real_pop",5
31,"Catch","spp_3",112625.579754659,115819.686783862,2.83604047691562,"yearly","high_pop","commercial",10
34,"F","spp_2",0.788847477234695,0.812580332883918,3.00854808237692,"yearly","high_ratio","commercial",10
6,"Rec","spp_4",215255.930848689,221871.560335948,3.07337849469496,"yearly","high_ratio","commercial",1
26,"Bio","spp_4",26173.2387640711,26988.3981191885,3.11447644086144,"weekly","high_ratio","real_pop",5
27,"Bio","spp_4",26173.2387640711,26988.3981191885,3.11447644086144,"monthly","high_ratio","real_pop",5
28,"Bio","spp_4",26173.2387640711,26988.3981191885,3.11447644086144,"yearly","high_ratio","real_pop",5
46,"Rec","spp_3",108095.901996681,111520.07605773,3.16771866259443,"weekly","high_ratio","commercial",20
54,"F","spp_1",0.455140736818498,0.469639311574974,3.18551462956778,"weekly","high_ratio","real_pop",20
55,"F","spp_1",0.455140736818498,0.469639311574974,3.18551462956778,"monthly","high_ratio","real_pop",20
56,"F","spp_1",0.455140736818498,0.469639311574974,3.18551462956778,"yearly","high_ratio","real_pop",20
35,"F","spp_2",0.788847477234695,0.813996394888799,3.18805832304404,"yearly","high_pop","survey",10
36,"Catch","spp_3",112625.579754659,116220.799799742,3.19218782528363,"yearly","high_ratio","survey",10
40,"Catch","spp_3",112625.579754659,116220.799799742,3.19218782528363,"weekly","high_ratio","real_pop",10
41,"Catch","spp_3",112625.579754659,116220.799799742,3.19218782528363,"monthly","high_ratio","real_pop",10
42,"Catch","spp_3",112625.579754659,116220.799799742,3.19218782528363,"yearly","high_ratio","real_pop",10
38,"F","spp_2",0.788847477234695,0.814869536296317,3.29874403006802,"monthly","high_pop","real_pop",10
39,"F","spp_2",0.788847477234695,0.814869536296317,3.29874403006802,"yearly","high_pop","real_pop",10
20,"F","spp_2",0.788847477234695,0.815004614969151,3.31586757761455,"yearly","high_ratio","commercial",5
33,"Catch","spp_3",112625.579754659,116373.942244856,3.32816265928411,"monthly","high_ratio","commercial",10
54,"Bio","spp_4",26173.2387640711,27054.7716324516,3.36806948626684,"weekly","high_ratio","real_pop",20
55,"Bio","spp_4",26173.2387640711,27054.7716324516,3.36806948626684,"monthly","high_ratio","real_pop",20
56,"Bio","spp_4",26173.2387640711,27054.7716324516,3.36806948626684,"yearly","high_ratio","real_pop",20
7,"Rec","spp_4",215255.930848689,222652.548215373,3.43619678097675,"yearly","high_pop","survey",1
3,"F","spp_4",0.466133793069757,0.482362418208417,3.48153800044953,"yearly","high_pop","commercial",1
23,"F","spp_2",0.788847477234695,0.816557327986402,3.5127006869368,"weekly","high_pop","real_pop",5
44,"F","spp_2",0.788847477234695,0.816697177087734,3.53042896843201,"monthly","high_pop","commercial",20
43,"F","spp_2",0.788847477234695,0.817220889922303,3.59681858742459,"weekly","high_pop","commercial",20
31,"Rec","spp_3",108095.901996681,112240.853664851,3.83451323464314,"yearly","high_pop","commercial",10
36,"Bio","spp_4",26173.2387640711,27185.4462316383,3.86733746133362,"yearly","high_ratio","survey",10
40,"Bio","spp_4",26173.2387640711,27185.4462316383,3.86733746133362,"weekly","high_ratio","real_pop",10
41,"Bio","spp_4",26173.2387640711,27185.4462316383,3.86733746133362,"monthly","high_ratio","real_pop",10
42,"Bio","spp_4",26173.2387640711,27185.4462316383,3.86733746133362,"yearly","high_ratio","real_pop",10
15,"F","spp_2",0.788847477234695,0.819760869073345,3.91880467780876,"weekly","high_pop","commercial",5
8,"Catch","spp_3",112625.579754659,117087.108694853,3.96138155285261,"yearly","high_ratio","survey",1
45,"F","spp_2",0.788847477234695,0.820330726928012,3.99104397261696,"yearly","high_pop","commercial",20
16,"Bio","spp_4",26173.2387640711,27233.328143064,4.05027970954863,"monthly","high_pop","commercial",5
15,"Bio","spp_4",26173.2387640711,27247.53935093,4.1045764207586,"weekly","high_pop","commercial",5
36,"Rec","spp_3",108095.901996681,112541.686191429,4.11281474378592,"yearly","high_ratio","survey",10
40,"Rec","spp_3",108095.901996681,112541.686191429,4.11281474378592,"weekly","high_ratio","real_pop",10
41,"Rec","spp_3",108095.901996681,112541.686191429,4.11281474378592,"monthly","high_ratio","real_pop",10
42,"Rec","spp_3",108095.901996681,112541.686191429,4.11281474378592,"yearly","high_ratio","real_pop",10
46,"F","spp_4",0.466133793069757,0.485599723700663,4.17603935185902,"weekly","high_ratio","commercial",20
48,"F","spp_2",0.788847477234695,0.82228293913323,4.23852048253269,"yearly","high_ratio","commercial",20
12,"Catch","spp_3",112625.579754659,117402.712760264,4.2416056956257,"weekly","high_ratio","real_pop",1
36,"F","spp_1",0.455140736818498,0.474548221614021,4.26406234941398,"yearly","high_ratio","survey",10
40,"F","spp_1",0.455140736818498,0.474548221614021,4.26406234941398,"weekly","high_ratio","real_pop",10
41,"F","spp_1",0.455140736818498,0.474548221614021,4.26406234941398,"monthly","high_ratio","real_pop",10
42,"F","spp_1",0.455140736818498,0.474548221614021,4.26406234941398,"yearly","high_ratio","real_pop",10
37,"Bio","spp_2",216238.443821354,225653.739417765,4.35412659748423,"weekly","high_pop","real_pop",10
8,"Rec","spp_3",108095.901996681,112867.747482313,4.41445549506464,"yearly","high_ratio","survey",1
21,"Rec","spp_4",215255.930848689,224913.486275586,4.48654556871886,"yearly","high_pop","survey",5
22,"F","spp_1",0.455140736818498,0.47649676806594,4.69218189448917,"yearly","high_ratio","survey",5
52,"Rec","spp_1",60113.3035434758,62947.1234184555,4.71413099586216,"monthly","high_pop","real_pop",20
53,"Rec","spp_1",60113.3035434758,62947.1234184555,4.71413099586216,"yearly","high_pop","real_pop",20
47,"Bio","spp_2",216238.443821354,226516.434903899,4.75308224611359,"monthly","high_ratio","commercial",20
22,"Catch","spp_3",112625.579754659,118058.048766186,4.82347706743115,"yearly","high_ratio","survey",5
33,"Rec","spp_3",108095.901996681,113361.015784574,4.87078019669472,"monthly","high_ratio","commercial",10
51,"Bio","spp_1",82586.6752396837,86612.116655461,4.87420204784207,"weekly","high_pop","real_pop",20
12,"Rec","spp_3",108095.901996681,113426.844395388,4.93167853751821,"weekly","high_ratio","real_pop",1
47,"F","spp_1",0.455140736818498,0.477751366635817,4.96783258193279,"monthly","high_ratio","commercial",20
2,"F","spp_2",0.788847477234695,0.83030745787551,5.25576639810689,"monthly","high_pop","commercial",1
19,"F","spp_2",0.788847477234695,0.835187522179486,5.87439857286928,"monthly","high_ratio","commercial",5
22,"Rec","spp_3",108095.901996681,114749.948340487,6.15568788538398,"yearly","high_ratio","survey",5
18,"F","spp_2",0.788847477234695,0.837798543526491,6.20539048478589,"weekly","high_ratio","commercial",5
18,"Bio","spp_4",26173.2387640711,27799.3890556243,6.21302661933263,"weekly","high_ratio","commercial",5
24,"Bio","spp_4",26173.2387640711,27802.492783194,6.22488502018889,"monthly","high_pop","real_pop",5
25,"Bio","spp_4",26173.2387640711,27802.492783194,6.22488502018889,"yearly","high_pop","real_pop",5
47,"F","spp_4",0.466133793069757,0.495277550599792,6.25223014579289,"monthly","high_ratio","commercial",20
16,"F","spp_2",0.788847477234695,0.838435024032408,6.28607534773923,"monthly","high_pop","commercial",5
32,"Catch","spp_3",112625.579754659,119707.070234945,6.28763953598486,"weekly","high_ratio","commercial",10
31,"Bio","spp_3",72614.8681481333,77189.2673078704,6.29953517288694,"yearly","high_pop","commercial",10
1,"F","spp_2",0.788847477234695,0.838630127040196,6.31080801323144,"weekly","high_pop","commercial",1
51,"Catch","spp_3",112625.579754659,120007.69834701,6.55456656332667,"weekly","high_pop","real_pop",20
46,"Bio","spp_3",72614.8681481333,77392.4925364177,6.57940241458276,"weekly","high_ratio","commercial",20
4,"F","spp_2",0.788847477234695,0.841322877453745,6.65216049153161,"weekly","high_ratio","commercial",1
24,"F","spp_2",0.788847477234695,0.843691887966464,6.95247336329519,"monthly","high_pop","real_pop",5
25,"F","spp_2",0.788847477234695,0.843691887966464,6.95247336329519,"yearly","high_pop","real_pop",5
8,"Bio","spp_3",72614.8681481333,77704.2691720227,7.00875888599987,"yearly","high_ratio","survey",1
6,"F","spp_2",0.788847477234695,0.844223354858067,7.01984594252519,"yearly","high_ratio","commercial",1
13,"Catch","spp_3",112625.579754659,120701.471807257,7.17056646473299,"monthly","high_ratio","real_pop",1
14,"Catch","spp_3",112625.579754659,120701.471807257,7.17056646473299,"yearly","high_ratio","real_pop",1
20,"Bio","spp_4",26173.2387640711,28057.220036219,7.19812052734597,"yearly","high_ratio","commercial",5
17,"F","spp_2",0.788847477234695,0.846504399303619,7.3090076006886,"yearly","high_pop","commercial",5
32,"Rec","spp_3",108095.901996681,116043.638795859,7.35248668300324,"weekly","high_ratio","commercial",10
5,"F","spp_2",0.788847477234695,0.847508266098974,7.43626500143144,"monthly","high_ratio","commercial",1
19,"Bio","spp_4",26173.2387640711,28128.3817301066,7.47000775738702,"monthly","high_ratio","commercial",5
50,"F","spp_1",0.455140736818498,0.490490004210222,7.76666743540031,"yearly","high_ratio","survey",20
36,"Bio","spp_3",72614.8681481333,78260.3623918975,7.77457067366346,"yearly","high_ratio","survey",10
40,"Bio","spp_3",72614.8681481333,78260.3623918975,7.77457067366346,"weekly","high_ratio","real_pop",10
41,"Bio","spp_3",72614.8681481333,78260.3623918975,7.77457067366346,"monthly","high_ratio","real_pop",10
42,"Bio","spp_3",72614.8681481333,78260.3623918975,7.77457067366346,"yearly","high_ratio","real_pop",10
30,"Catch","spp_3",112625.579754659,121919.427171059,8.25198630421742,"monthly","high_pop","commercial",10
12,"Bio","spp_4",26173.2387640711,28339.5912822033,8.27697533981183,"weekly","high_ratio","real_pop",1
29,"Catch","spp_3",112625.579754659,122069.691790114,8.38540592290678,"weekly","high_pop","commercial",10
13,"Rec","spp_3",108095.901996681,117327.56749558,8.54025483702647,"monthly","high_ratio","real_pop",1
14,"Rec","spp_3",108095.901996681,117327.56749558,8.54025483702647,"yearly","high_ratio","real_pop",1
37,"Bio","spp_4",26173.2387640711,28421.8950543943,8.59143306868855,"weekly","high_pop","real_pop",10
20,"F","spp_1",0.455140736818498,0.494506435744713,8.64912668582174,"yearly","high_ratio","commercial",5
31,"F","spp_1",0.455140736818498,0.494531907484803,8.65472313940839,"yearly","high_pop","commercial",10
13,"Bio","spp_4",26173.2387640711,28446.4780985283,8.68535741773654,"monthly","high_ratio","real_pop",1
14,"Bio","spp_4",26173.2387640711,28446.4780985283,8.68535741773654,"yearly","high_ratio","real_pop",1
10,"F","spp_2",0.788847477234695,0.858406861716937,8.81784964643387,"monthly","high_pop","real_pop",1
11,"F","spp_2",0.788847477234695,0.858406861716937,8.81784964643387,"yearly","high_pop","real_pop",1
26,"Catch","spp_3",112625.579754659,122635.68983284,8.88795431729336,"weekly","high_ratio","real_pop",5
27,"Catch","spp_3",112625.579754659,122635.68983284,8.88795431729336,"monthly","high_ratio","real_pop",5
28,"Catch","spp_3",112625.579754659,122635.68983284,8.88795431729336,"yearly","high_ratio","real_pop",5
33,"Bio","spp_3",72614.8681481333,79084.4648950484,8.90946566716501,"monthly","high_ratio","commercial",10
32,"F","spp_1",0.455140736818498,0.498002641437199,9.41728594067673,"weekly","high_ratio","commercial",10
5,"F","spp_1",0.455140736818498,0.498863419911754,9.60640952486131,"monthly","high_ratio","commercial",1
29,"Rec","spp_3",108095.901996681,118862.832654865,9.96053546832412,"weekly","high_pop","commercial",10
3,"F","spp_2",0.788847477234695,0.86909948585257,10.173323859664,"yearly","high_pop","commercial",1
30,"Rec","spp_3",108095.901996681,119282.370225929,10.3486515423978,"monthly","high_pop","commercial",10
9,"F","spp_2",0.788847477234695,0.873028715269963,10.671421341216,"weekly","high_pop","real_pop",1
21,"Bio","spp_2",216238.443821354,239374.051914238,10.6991188449348,"yearly","high_pop","survey",5
22,"Bio","spp_3",72614.8681481333,80385.7240392888,10.7014666408305,"yearly","high_ratio","survey",5
34,"Bio","spp_4",26173.2387640711,29020.8706458581,10.8799369747701,"yearly","high_ratio","commercial",10
4,"F","spp_1",0.455140736818498,0.505160895185474,10.9900420508664,"weekly","high_ratio","commercial",1
54,"Catch","spp_3",112625.579754659,125043.687442018,11.0260100009343,"weekly","high_ratio","real_pop",20
55,"Catch","spp_3",112625.579754659,125043.687442018,11.0260100009343,"monthly","high_ratio","real_pop",20
56,"Catch","spp_3",112625.579754659,125043.687442018,11.0260100009343,"yearly","high_ratio","real_pop",20
26,"Rec","spp_3",108095.901996681,120134.003317164,11.1365011051505,"weekly","high_ratio","real_pop",5
27,"Rec","spp_3",108095.901996681,120134.003317164,11.1365011051505,"monthly","high_ratio","real_pop",5
28,"Rec","spp_3",108095.901996681,120134.003317164,11.1365011051505,"yearly","high_ratio","real_pop",5
51,"Rec","spp_3",108095.901996681,120664.066199613,11.6268646366607,"weekly","high_pop","real_pop",20
4,"Bio","spp_4",26173.2387640711,29384.9556285154,12.2709951695132,"weekly","high_ratio","commercial",1
33,"F","spp_1",0.455140736818498,0.517412290454959,13.6818237962499,"monthly","high_ratio","commercial",10
54,"Rec","spp_3",108095.901996681,122956.872792708,13.7479502196883,"weekly","high_ratio","real_pop",20
55,"Rec","spp_3",108095.901996681,122956.872792708,13.7479502196883,"monthly","high_ratio","real_pop",20
56,"Rec","spp_3",108095.901996681,122956.872792708,13.7479502196883,"yearly","high_ratio","real_pop",20
35,"F","spp_1",0.455140736818498,0.518143918962237,13.8425715492181,"yearly","high_pop","survey",10
34,"F","spp_1",0.455140736818498,0.518450503002028,13.9099318215448,"yearly","high_ratio","commercial",10
32,"Bio","spp_3",72614.8681481333,83213.8420748312,14.5961484156057,"weekly","high_ratio","commercial",10
31,"Bio","spp_4",26173.2387640711,30036.3761753739,14.759875329628,"yearly","high_pop","commercial",10
5,"Bio","spp_4",26173.2387640711,30104.2074729127,15.019038126217,"monthly","high_ratio","commercial",1
38,"F","spp_1",0.455140736818498,0.524907442639474,15.3286006233271,"monthly","high_pop","real_pop",10
39,"F","spp_1",0.455140736818498,0.524907442639474,15.3286006233271,"yearly","high_pop","real_pop",10
21,"Catch","spp_3",112625.579754659,130432.733935071,15.810932311472,"yearly","high_pop","survey",5
23,"Bio","spp_4",26173.2387640711,30371.2217336504,16.039218559921,"weekly","high_pop","real_pop",5
44,"Catch","spp_3",112625.579754659,131068.352787655,16.3752968669917,"monthly","high_pop","commercial",20
29,"F","spp_1",0.455140736818498,0.530227604139287,16.4975053311327,"weekly","high_pop","commercial",10
20,"Catch","spp_3",112625.579754659,133135.604610532,18.2108051301949,"yearly","high_ratio","commercial",5
43,"F","spp_1",0.455140736818498,0.539874240721778,18.6169896580956,"weekly","high_pop","commercial",20
21,"Rec","spp_3",108095.901996681,128245.035469774,18.6400530463323,"yearly","high_pop","survey",5
30,"F","spp_1",0.455140736818498,0.543218351833195,19.351731868778,"monthly","high_pop","commercial",10
44,"Rec","spp_3",108095.901996681,129100.746687106,19.4316753016872,"monthly","high_pop","commercial",20
35,"Catch","spp_3",112625.579754659,134976.558531644,19.8453839932938,"yearly","high_pop","survey",10
50,"Catch","spp_3",112625.579754659,135155.137122561,20.0039435241803,"yearly","high_ratio","survey",20
7,"Bio","spp_2",216238.443821354,260671.140245438,20.5480097058008,"yearly","high_pop","survey",1
52,"Bio","spp_1",82586.6752396837,99751.7585982688,20.7843254481047,"monthly","high_pop","real_pop",20
53,"Bio","spp_1",82586.6752396837,99751.7585982688,20.7843254481047,"yearly","high_pop","real_pop",20
44,"F","spp_1",0.455140736818498,0.550523888494937,20.9568478407758,"monthly","high_pop","commercial",20
37,"F","spp_1",0.455140736818498,0.552080163758688,21.2987805964832,"weekly","high_pop","real_pop",10
34,"Catch","spp_3",112625.579754659,136660.74683604,21.340771016441,"yearly","high_ratio","commercial",10
7,"F","spp_1",0.455140736818498,0.553539711431389,21.6194611145367,"yearly","high_pop","survey",1
12,"Bio","spp_3",72614.8681481333,88607.7927052025,22.0243112256899,"weekly","high_ratio","real_pop",1
4,"Catch","spp_3",112625.579754659,137602.221582229,22.1767043348221,"weekly","high_ratio","commercial",1
18,"F","spp_1",0.455140736818498,0.556230973050308,22.2107642876456,"weekly","high_ratio","commercial",5
45,"F","spp_1",0.455140736818498,0.5576815241519,22.5294681487262,"yearly","high_pop","commercial",20
20,"Rec","spp_3",108095.901996681,132632.415191893,22.6988375525699,"yearly","high_ratio","commercial",5
43,"Catch","spp_3",112625.579754659,138242.396071912,22.7451138303188,"weekly","high_pop","commercial",20
29,"Bio","spp_3",72614.8681481333,89169.0604943137,22.7972490598069,"weekly","high_pop","commercial",10
5,"Catch","spp_3",112625.579754659,138660.562378823,23.116402757596,"monthly","high_ratio","commercial",1
51,"Bio","spp_4",26173.2387640711,32256.2752949486,23.2414359785993,"weekly","high_pop","real_pop",20
38,"Catch","spp_3",112625.579754659,139032.473606876,23.4466219039592,"monthly","high_pop","real_pop",10
39,"Catch","spp_3",112625.579754659,139032.473606876,23.4466219039592,"yearly","high_pop","real_pop",10
7,"Catch","spp_3",112625.579754659,139046.636907526,23.4591974668834,"yearly","high_pop","survey",1
48,"F","spp_1",0.455140736818498,0.562391914317128,23.5643986183991,"yearly","high_ratio","commercial",20
30,"Bio","spp_3",72614.8681481333,89798.3977568524,23.6639273015891,"monthly","high_pop","commercial",10
37,"Catch","spp_3",112625.579754659,139608.630359709,23.9581901942969,"weekly","high_pop","real_pop",10
6,"Bio","spp_4",26173.2387640711,32503.3045291169,24.1852596925653,"yearly","high_ratio","commercial",1
35,"Rec","spp_3",108095.901996681,134251.957850135,24.1970836732152,"yearly","high_pop","survey",10
17,"F","spp_1",0.455140736818498,0.570102443002727,25.2584963033256,"yearly","high_pop","commercial",5
4,"Rec","spp_3",108095.901996681,135878.203806989,25.7015310452392,"weekly","high_ratio","commercial",1
19,"Catch","spp_3",112625.579754659,142141.877736351,26.2074548659281,"monthly","high_ratio","commercial",5
13,"Bio","spp_3",72614.8681481333,91721.6166056917,26.3124466721896,"monthly","high_ratio","real_pop",1
14,"Bio","spp_3",72614.8681481333,91721.6166056917,26.3124466721896,"yearly","high_ratio","real_pop",1
34,"Rec","spp_3",108095.901996681,137059.916322242,26.7947385521151,"yearly","high_ratio","commercial",10
16,"F","spp_1",0.455140736818498,0.577803589073587,26.9505325127609,"monthly","high_pop","commercial",5
21,"F","spp_1",0.455140736818498,0.579300543249449,27.2794316981701,"yearly","high_pop","survey",5
19,"F","spp_1",0.455140736818498,0.579380955569764,27.2970992708152,"monthly","high_ratio","commercial",5
5,"Rec","spp_3",108095.901996681,137961.993929483,27.6292545611201,"monthly","high_ratio","commercial",1
51,"Bio","spp_2",216238.443821354,276000.916842651,27.6373025837486,"weekly","high_pop","real_pop",20
15,"Catch","spp_3",112625.579754659,144373.054529466,28.1885117430383,"weekly","high_pop","commercial",5
38,"Rec","spp_3",108095.901996681,138964.735335083,28.5568950979747,"monthly","high_pop","real_pop",10
39,"Rec","spp_3",108095.901996681,138964.735335083,28.5568950979747,"yearly","high_pop","real_pop",10
6,"F","spp_1",0.455140736818498,0.586834436242067,28.9347203557579,"yearly","high_ratio","commercial",1
37,"Rec","spp_3",108095.901996681,139559.194788948,29.1068321842886,"weekly","high_pop","real_pop",10
50,"Rec","spp_3",108095.901996681,139633.363374719,29.1754458730602,"yearly","high_ratio","survey",20
18,"Catch","spp_3",112625.579754659,145698.353421887,29.3652416611517,"weekly","high_ratio","commercial",5
45,"Catch","spp_3",112625.579754659,145742.293121971,29.404255622438,"yearly","high_pop","commercial",20
48,"Catch","spp_3",112625.579754659,146413.684363028,30.0003824015576,"yearly","high_ratio","commercial",20
43,"Rec","spp_3",108095.901996681,140914.275634301,30.3604235048872,"weekly","high_pop","commercial",20
15,"F","spp_1",0.455140736818498,0.597069276333466,31.1834402051263,"weekly","high_pop","commercial",5
2,"Catch","spp_3",112625.579754659,148162.4276221,31.5530876243688,"monthly","high_pop","commercial",1
3,"F","spp_1",0.455140736818498,0.599161173281026,31.643055611601,"yearly","high_pop","commercial",1
24,"F","spp_1",0.455140736818498,0.599666787658927,31.7541452893642,"monthly","high_pop","real_pop",5
25,"F","spp_1",0.455140736818498,0.599666787658927,31.7541452893642,"yearly","high_pop","real_pop",5
19,"Rec","spp_3",108095.901996681,143353.947682866,32.6173749743699,"monthly","high_ratio","commercial",5
16,"Catch","spp_3",112625.579754659,149527.49873542,32.7651312083344,"monthly","high_pop","commercial",5
7,"Rec","spp_3",108095.901996681,144576.107819533,33.7480007558212,"yearly","high_pop","survey",1
2,"F","spp_1",0.455140736818498,0.609113636876837,33.8297338828935,"monthly","high_pop","commercial",1
1,"Catch","spp_3",112625.579754659,150940.665726554,34.0198790144829,"weekly","high_pop","commercial",1
26,"Bio","spp_3",72614.8681481333,97435.2214612995,34.180814406401,"weekly","high_ratio","real_pop",5
27,"Bio","spp_3",72614.8681481333,97435.2214612995,34.180814406401,"monthly","high_ratio","real_pop",5
28,"Bio","spp_3",72614.8681481333,97435.2214612995,34.180814406401,"yearly","high_ratio","real_pop",5
1,"F","spp_1",0.455140736818498,0.611051731121027,34.2555569497843,"weekly","high_pop","commercial",1
6,"Catch","spp_3",112625.579754659,151760.118329417,34.7474691451158,"yearly","high_ratio","commercial",1
15,"Rec","spp_3",108095.901996681,146756.475404652,35.7650685121793,"weekly","high_pop","commercial",5
23,"F","spp_1",0.455140736818498,0.619013815533087,36.0049245119401,"weekly","high_pop","real_pop",5
24,"Catch","spp_3",112625.579754659,153208.336174267,36.0333385257705,"monthly","high_pop","real_pop",5
25,"Catch","spp_3",112625.579754659,153208.336174267,36.0333385257705,"yearly","high_pop","real_pop",5
18,"Rec","spp_3",108095.901996681,147836.527186095,36.7642292217836,"weekly","high_ratio","commercial",5
16,"Rec","spp_3",108095.901996681,151098.071857606,39.7814987123614,"monthly","high_pop","commercial",5
23,"Catch","spp_3",112625.579754659,157480.274841849,39.8263833002245,"weekly","high_pop","real_pop",5
3,"Catch","spp_3",112625.579754659,157523.621029639,39.8648702832742,"yearly","high_pop","commercial",1
54,"Bio","spp_3",72614.8681481333,102877.518044801,41.6755558034374,"weekly","high_ratio","real_pop",20
55,"Bio","spp_3",72614.8681481333,102877.518044801,41.6755558034374,"monthly","high_ratio","real_pop",20
56,"Bio","spp_3",72614.8681481333,102877.518044801,41.6755558034374,"yearly","high_ratio","real_pop",20
45,"Rec","spp_3",108095.901996681,154499.121745456,42.9278250994195,"yearly","high_pop","commercial",20
17,"Catch","spp_3",112625.579754659,161013.793389809,42.963786504414,"yearly","high_pop","commercial",5
10,"F","spp_1",0.455140736818498,0.652139164977002,43.2829699085062,"monthly","high_pop","real_pop",1
11,"F","spp_1",0.455140736818498,0.652139164977002,43.2829699085062,"yearly","high_pop","real_pop",1
2,"Rec","spp_3",108095.901996681,155157.449868142,43.5368473754961,"monthly","high_pop","commercial",1
48,"Rec","spp_3",108095.901996681,155203.850782342,43.5797730677219,"yearly","high_ratio","commercial",20
9,"Catch","spp_3",112625.579754659,162020.279254281,43.8574430491036,"weekly","high_pop","real_pop",1
24,"Rec","spp_3",108095.901996681,157229.469473068,45.4536819331924,"monthly","high_pop","real_pop",5
25,"Rec","spp_3",108095.901996681,157229.469473068,45.4536819331924,"yearly","high_pop","real_pop",5
1,"Rec","spp_3",108095.901996681,158902.752338249,47.0016433584393,"weekly","high_pop","commercial",1
10,"Catch","spp_3",112625.579754659,167756.817022574,48.9509020845989,"monthly","high_pop","real_pop",1
11,"Catch","spp_3",112625.579754659,167756.817022574,48.9509020845989,"yearly","high_pop","real_pop",1
6,"Rec","spp_3",108095.901996681,162702.514746291,50.5168204723306,"yearly","high_ratio","commercial",1
17,"Rec","spp_3",108095.901996681,163157.570971657,50.9377950115691,"yearly","high_pop","commercial",5
3,"Rec","spp_3",108095.901996681,163334.346357258,51.1013307074981,"yearly","high_pop","commercial",1
23,"Rec","spp_3",108095.901996681,164253.939534202,51.952050447986,"weekly","high_pop","real_pop",5
9,"F","spp_1",0.455140736818498,0.698899799157124,53.55685453307,"weekly","high_pop","real_pop",1
44,"Bio","spp_3",72614.8681481333,113936.470055907,56.9051531202648,"monthly","high_pop","commercial",20
4,"Bio","spp_3",72614.8681481333,117688.917466385,62.0727551639999,"weekly","high_ratio","commercial",1
21,"Bio","spp_3",72614.8681481333,122128.43013943,68.1865343200645,"yearly","high_pop","survey",5
20,"Bio","spp_3",72614.8681481333,126532.776863886,74.2518854482537,"yearly","high_ratio","commercial",5
35,"Bio","spp_3",72614.8681481333,126990.126368093,74.8817144569281,"yearly","high_pop","survey",10
7,"Bio","spp_4",26173.2387640711,45885.6008647238,75.3149515745544,"yearly","high_pop","survey",1
51,"Bio","spp_3",72614.8681481333,128219.634158396,76.57490460057,"weekly","high_pop","real_pop",20
5,"Bio","spp_3",72614.8681481333,129992.207400252,79.0159656216271,"monthly","high_ratio","commercial",1
34,"Bio","spp_3",72614.8681481333,131883.186789245,81.6200871152239,"yearly","high_ratio","commercial",10
10,"Rec","spp_3",108095.901996681,197081.075331215,82.3205798655221,"monthly","high_pop","real_pop",1
11,"Rec","spp_3",108095.901996681,197081.075331215,82.3205798655221,"yearly","high_pop","real_pop",1
38,"Bio","spp_3",72614.8681481333,132814.396961857,82.9024831263448,"monthly","high_pop","real_pop",10
39,"Bio","spp_3",72614.8681481333,132814.396961857,82.9024831263448,"yearly","high_pop","real_pop",10
9,"Rec","spp_3",108095.901996681,202667.607798025,87.4887059125036,"weekly","high_pop","real_pop",1
21,"Bio","spp_4",26173.2387640711,50053.323183469,91.238553373757,"yearly","high_pop","survey",5
37,"Bio","spp_3",72614.8681481333,139398.300373941,91.9693637528479,"weekly","high_pop","real_pop",10
43,"Bio","spp_3",72614.8681481333,150387.030271359,107.10225619989,"weekly","high_pop","commercial",20
19,"Bio","spp_3",72614.8681481333,154490.225888412,112.752883573725,"monthly","high_ratio","commercial",5
18,"Bio","spp_3",72614.8681481333,161600.747113783,122.544984567237,"weekly","high_ratio","commercial",5
15,"Bio","spp_3",72614.8681481333,162232.297861502,123.41471106241,"weekly","high_pop","commercial",5
16,"Bio","spp_3",72614.8681481333,163808.454432399,125.585281100053,"monthly","high_pop","commercial",5
50,"Bio","spp_3",72614.8681481333,171034.916574669,135.537047627436,"yearly","high_ratio","survey",20
24,"Bio","spp_3",72614.8681481333,186860.897955212,157.331456657084,"monthly","high_pop","real_pop",5
25,"Bio","spp_3",72614.8681481333,186860.897955212,157.331456657084,"yearly","high_pop","real_pop",5
17,"Bio","spp_3",72614.8681481333,188807.156128351,160.011704136385,"yearly","high_pop","commercial",5
7,"Bio","spp_3",72614.8681481333,189129.164869644,160.455151531534,"yearly","high_pop","survey",1
2,"Bio","spp_3",72614.8681481333,200729.529072932,176.430342975279,"monthly","high_pop","commercial",1
45,"Bio","spp_3",72614.8681481333,202335.336810245,178.641746477434,"yearly","high_pop","commercial",20
3,"Bio","spp_3",72614.8681481333,203013.521729081,179.575694215868,"yearly","high_pop","commercial",1
48,"Bio","spp_3",72614.8681481333,203175.551260805,179.798829691917,"yearly","high_ratio","commercial",20
1,"Bio","spp_3",72614.8681481333,213661.454024092,194.23926459279,"weekly","high_pop","commercial",1
23,"Bio","spp_3",72614.8681481333,216056.784608467,197.537942460647,"weekly","high_pop","real_pop",5
6,"Bio","spp_3",72614.8681481333,240818.301571565,231.637731656138,"yearly","high_ratio","commercial",1
10,"Bio","spp_3",72614.8681481333,429022.269546902,490.818768233115,"monthly","high_pop","real_pop",1
11,"Bio","spp_3",72614.8681481333,429022.269546902,490.818768233115,"yearly","high_pop","real_pop",1
9,"Bio","spp_3",72614.8681481333,508037.19743104,599.632472505013,"weekly","high_pop","real_pop",1
