"year","month","week","spp_1","spp_2","spp_3","spp_4"
21,"1","1",0.0322413679573481,0.873798892869437,0.061645787092194,0.032313952081021
21,"1","2",0.0439661092908187,0.851775239951423,0.0618757680783286,0.0423828826794298
21,"1","3",0.0564607285488579,0.833521754819745,0.0590346067459989,0.0509829098853982
21,"1","4",0.0688610603346656,0.818925468970552,0.0545074098862086,0.0577060608085736
21,"1","5",0.0789509446166319,0.813002515398802,0.04680372239386,0.061242817590706
21,"10","40",0.0669715144441855,0.8796048774131,0.0285635535203387,0.0248600546223762
21,"10","41",0.0609988012253654,0.888127381948545,0.0260605041227949,0.0248133127032945
21,"10","42",0.0564992425558407,0.893646736897749,0.0255491726592456,0.024304847887165
21,"10","43",0.0522289228498715,0.898858873215278,0.0251043090131767,0.0238078949216742
21,"10","44",0.0473551321938457,0.905814535945543,0.0229757364939098,0.0238545953667011
21,"11","44",0.0489276236125971,0.901823446030229,0.026364619687509,0.0228843106696651
21,"11","45",0.0442844792956953,0.908402349224339,0.0243414393181826,0.0229717321617826
21,"11","46",0.0406442329361391,0.912727934500098,0.0239981391598902,0.0226296934038731
21,"11","47",0.0372321598467279,0.916778537638123,0.0236744566809136,0.0223148458342355
21,"11","48",0.0336479732344479,0.921917421403697,0.0218900431289491,0.0225445622329057
21,"12","48",0.0344277045969762,0.919272344426656,0.0247822901062167,0.0215176608701508
21,"12","49",0.0310790466635441,0.924103752402194,0.0230854012262795,0.0217317997079828
21,"12","50",0.0283200822657066,0.92742331537596,0.0228074555295895,0.0214491468287442
21,"12","51",0.0257700219126057,0.930523991428366,0.0225405349564674,0.0211654517025613
21,"12","52",0.0234160773823732,0.933422644514315,0.0222780224991643,0.0208832556041471
21,"2","5",0.0830042232438418,0.801027486986443,0.0519803569387104,0.0639879328310045
21,"2","6",0.0930309093351476,0.796575115540289,0.0443894578127721,0.0660045173117917
21,"2","7",0.104417264730426,0.78816985919338,0.0393890119786545,0.0680238640975395
21,"2","8",0.115204878579349,0.781109168695658,0.034734521047695,0.0689514316772986
21,"2","9",0.122717439111764,0.78212107250184,0.0277260527941389,0.0674354355922566
21,"3","10",0.134315124551302,0.770353729293549,0.0273424725573477,0.067988673597801
21,"3","11",0.142561290501353,0.766035287182369,0.0249740725916739,0.0664293497246043
21,"3","12",0.149958013832859,0.762183412130447,0.0234918411386061,0.0643667328980879
21,"3","13",0.156528944666519,0.758806790911937,0.022726257380622,0.0619380070409222
21,"3","14",0.158800983824731,0.762573848777473,0.0200059472330788,0.0586192201647171
21,"3","9",0.127674959554463,0.768489819124275,0.0334984784698673,0.0703367428513953
21,"4","14",0.165357448370828,0.750174724838783,0.0247026026526241,0.0597652241377647
21,"4","15",0.166978176675683,0.754441882928215,0.0222715056042156,0.0563084347918862
21,"4","16",0.157546184520971,0.753172367595386,0.0507336231302524,0.0385478247533907
21,"4","17",0.140974081469259,0.768340573398143,0.054669766672183,0.0360155784604145
21,"4","18",0.122830049758639,0.787635391340824,0.0505313657805919,0.0390031931199447
21,"5","18",0.124999654832987,0.777886537051391,0.0579290325423414,0.0391847755732802
21,"5","19",0.122806934358256,0.781903166401651,0.052922132533401,0.0423677667066924
21,"5","20",0.122755555714182,0.779838273669141,0.0516045719731521,0.0458015986435251
21,"5","21",0.123452950273582,0.780763328195857,0.0505526019388667,0.0452311195916947
21,"5","22",0.121768094730567,0.789136544297897,0.0458089201448772,0.0432864408266591
21,"6","22",0.126654908369831,0.777560629186253,0.053233029795558,0.0425514326483583
21,"6","23",0.124461079466607,0.786389754518616,0.04838572505156,0.0407634409632179
21,"6","24",0.124148591336284,0.789949620702259,0.0469707603884931,0.0389310275729635
21,"6","25",0.123372515646604,0.793842054491904,0.0454199965577009,0.0373654333037914
21,"6","26",0.122109152150298,0.798131024295643,0.0437410059762675,0.0360188175777915
21,"6","27",0.117713474786499,0.808208364013736,0.0386876076660447,0.0353905535337204
21,"7","27",0.122978444901838,0.797541180873593,0.0451438627631357,0.0343365114614335
21,"7","28",0.118180377302759,0.807783211915143,0.0401849685893854,0.0338514421927125
21,"7","29",0.115470539136796,0.813156207064515,0.0384277622016766,0.0329454915970121
21,"7","30",0.112238736895136,0.818865918785104,0.0367732504169937,0.0321220939027667
21,"7","31",0.106119024502944,0.829545040284893,0.0324757059523266,0.0318602292598358
21,"8","31",0.110971474967178,0.820252196337087,0.0379479822326278,0.0308283464631079
21,"8","32",0.104555169264196,0.830932249654204,0.0339555585081121,0.0305570225734877
21,"8","33",0.100174013044009,0.837230920825484,0.0327911277594105,0.029803938371096
21,"8","34",0.0955223863773794,0.843701971590991,0.0316970934268632,0.029078548604766
21,"8","35",0.0886373683715099,0.854231188976862,0.0282489844662304,0.0288824581853978
21,"9","35",0.0926012252155572,0.846513179597006,0.0329880034243236,0.0278975917631134
21,"9","36",0.0856470498285245,0.856917522461851,0.0297208402638297,0.0277145874457952
21,"9","37",0.0805786882393567,0.86349997544276,0.0288442497256923,0.0270770865921908
21,"9","38",0.0755323701136109,0.869971432120683,0.0280399218224516,0.0264562759432548
21,"9","39",0.0705625438861109,0.8762678961438,0.0273000584231784,0.0258695015469104
21,"9","40",0.0643832199219279,0.885168639030837,0.0246327165992853,0.02581542444795
22,"1","1",0.0328908746623443,0.870062514258215,0.0642633248881331,0.0327832861913078
22,"1","2",0.0448087431513764,0.847784707265708,0.0644531819066376,0.0429533676762781
22,"1","3",0.0575219997027181,0.829340682496681,0.0614998963204869,0.0516374214801139
22,"1","4",0.0700988097960376,0.814723319645501,0.0567599910683958,0.0584178794900658
22,"1","5",0.0803247272992307,0.808983994573032,0.0487065662794442,0.0619847118482932
22,"10","40",0.066060109414965,0.880628534362123,0.028337983351485,0.0249733728714268
22,"10","41",0.0602188603272422,0.88899580074758,0.025862175432944,0.0249231634922334
22,"10","42",0.0558190341748832,0.894427852439165,0.0253330691328908,0.0244200442530607
22,"10","43",0.0516333852960143,0.899553940260673,0.0248694528989312,0.0239432215443814
22,"10","44",0.0468520298647996,0.906394940928975,0.0227732832642471,0.0239797459419785
22,"11","44",0.0483920873179735,0.902535682129185,0.0260631506205025,0.0230090799323388
22,"11","45",0.0438507146536879,0.908986669265368,0.0240802049211213,0.023082411159823
22,"11","46",0.0402751185811467,0.91326233406675,0.0237343539171515,0.0227281934349519
22,"11","47",0.0369235606650056,0.917253923305244,0.0234139560724034,0.0224085599573472
22,"11","48",0.0333949688381882,0.922298376400725,0.0216733917592223,0.0226332630018647
22,"12","48",0.0341574787303523,0.919759543222516,0.0244769940442516,0.0216059840028805
22,"12","49",0.030859101127225,0.924507351509939,0.0228218234320053,0.0218117239308309
22,"12","50",0.0281413131344405,0.927791039078541,0.0225466298789116,0.021521017908107
22,"12","51",0.0256205488163564,0.930863024862508,0.0222821532182482,0.0212342731028876
22,"12","52",0.0232878728226142,0.933747179107625,0.0220146026154612,0.0209503454542995
22,"2","5",0.0844067236868021,0.796783445791904,0.054077373194075,0.0647324573272187
22,"2","6",0.0945363923762883,0.7925333842124,0.046155913006745,0.066774310404567
22,"2","7",0.106189968414961,0.783936235770471,0.0410092342501356,0.0688645615644329
22,"2","8",0.117081010040589,0.777005303254758,0.0361551092558135,0.0697585774488396
22,"2","9",0.124772265408649,0.77812133452014,0.0288833993985704,0.0682230006726398
22,"3","10",0.136387383342389,0.766415069144326,0.0284606367403241,0.0687369107729611
22,"3","11",0.144751557066568,0.762100484772935,0.0259725102372685,0.0671754479232283
22,"3","12",0.152282649146174,0.758197191320435,0.0244160066752794,0.0651041528581119
22,"3","13",0.15888577633362,0.754863244523964,0.0236003810958369,0.062650598046579
22,"3","14",0.161190929714165,0.758736267528192,0.0207762225235735,0.05929658023407
22,"3","9",0.129749965767629,0.764231057311245,0.0348955628690715,0.0711234140520552
22,"4","14",0.167781484607819,0.746137242113472,0.0256524207280888,0.0604288525506201
22,"4","15",0.169328299915791,0.750587689290849,0.0231362946317396,0.0569477161616198
22,"4","16",0.154255233820102,0.7546946953459,0.0515790700853585,0.0394710007486396
22,"4","17",0.136340723417651,0.770305407138029,0.0564871759393123,0.0368666935050073
22,"4","18",0.118496612992792,0.788931706432525,0.0526489222870464,0.0399227582876372
22,"5","18",0.120600253617928,0.779645664497676,0.0596190225080929,0.0401350593763034
22,"5","19",0.118564184435065,0.78329774494664,0.0546610415845578,0.0434770290337373
22,"5","20",0.118614388319441,0.78121357384228,0.053098756918477,0.0470732809198027
22,"5","21",0.119422078666988,0.782389750508755,0.0518328784347816,0.046355292389475
22,"5","22",0.117879186258722,0.79088281175259,0.0470275731699297,0.0442104288187581
22,"6","22",0.122591148938064,0.779711653013042,0.0541916828613666,0.0435055151875272
22,"6","23",0.120653478799818,0.788461098873662,0.0493331464452919,0.0415522758812283
22,"6","24",0.120552330989289,0.792036497899045,0.0478090177411634,0.0396021533705032
22,"6","25",0.120018974085811,0.795898906214392,0.046142104690791,0.0379400150090058
22,"6","26",0.118948965939535,0.800178477207445,0.0443472384236781,0.0365253184293415
22,"6","27",0.11484964448301,0.810047488657914,0.0392634224961065,0.0358394443629698
22,"7","27",0.11995729040198,0.799684271574678,0.0455675071757911,0.0347909308475506
22,"7","28",0.115435881052299,0.809761328018298,0.0405621413731021,0.0342406495563009
22,"7","29",0.112905912466252,0.815086863676362,0.0387174339441418,0.0332897899132444
22,"7","30",0.109879763183006,0.820704488676489,0.0369910033682823,0.0324247447722225
22,"7","31",0.103969252831994,0.831195163634722,0.0327039946919898,0.0321315888412936
22,"8","31",0.108696239394035,0.822141656117279,0.0380591108464737,0.0311029936422124
22,"8","32",0.102495273648196,0.832631150133234,0.0340687433866842,0.0308048328318854
22,"8","33",0.0982655554697406,0.838871823617093,0.0328348705828335,0.030027750330333
22,"8","34",0.0937602695864595,0.845263071887359,0.0316949806338227,0.029281677892359
22,"8","35",0.0870756815834117,0.855598044981658,0.028261777078531,0.0290644963563997
22,"9","35",0.0909457910885101,0.848085277483729,0.0328864924521269,0.0280824389756341
22,"9","36",0.0841962110381317,0.858291616636727,0.0296317274356696,0.0278804448894717
22,"9","37",0.0792871831178489,0.864759856911552,0.0287276032065505,0.0272253567640482
22,"9","38",0.0743904126921239,0.871118283353995,0.0278984200709851,0.026592883882896
22,"9","39",0.0695575893716749,0.877309045297546,0.0271445666052369,0.0259887987255426
22,"9","40",0.0635265422655462,0.886038614279946,0.0245080889180211,0.0259267545364869
23,"1","1",0.03283683991457,0.871252524949301,0.0629725969493246,0.0329380381868045
23,"1","2",0.0447473199586473,0.848952594708649,0.0631392407662245,0.0431608445664793
23,"1","3",0.0574368049318785,0.830435259005891,0.0602263874105441,0.051901548651686
23,"1","4",0.0699935775876172,0.81568119461082,0.0556013075010518,0.0587239203005108
23,"1","5",0.080247176528159,0.809680103824793,0.0477476158628278,0.0623251037842202
23,"10","40",0.0643673161000133,0.884014024280688,0.0272061048537461,0.0244125547655523
23,"10","41",0.0586819108230675,0.89213627526268,0.0248311092539811,0.0243507046602716
23,"10","42",0.0543913234481721,0.8974296350454,0.0243400683567762,0.0238389731496519
23,"10","43",0.0503122126359636,0.902405936647718,0.0239160280837004,0.0233658226326179
23,"10","44",0.0456515053372575,0.909025149750527,0.0219046088012219,0.0234187361109942
23,"11","44",0.0471534621004446,0.905269665813985,0.0251047613118646,0.0224721107737062
23,"11","45",0.0427187406184077,0.911539886932249,0.0231914838774615,0.0225498885718815
23,"11","46",0.039242853372822,0.915680531360238,0.0228669807821743,0.0222096344847659
23,"11","47",0.0359738832648349,0.919566525224153,0.0225634851509517,0.0218961063600599
23,"11","48",0.0325466799203256,0.924451633688613,0.0208870804635048,0.0221146059275562
23,"12","48",0.0332889953672475,0.921990465866461,0.0236091030728658,0.0211114356934261
23,"12","49",0.0300921593533826,0.926575359923232,0.0220146879031319,0.0213177928202535
23,"12","50",0.0274499563766211,0.929756451156602,0.0217528303903582,0.0210407620764188
23,"12","51",0.0249906431646092,0.932753884123497,0.0214900248220889,0.0207654478898051
23,"12","52",0.0227174548005225,0.935563713158754,0.0212301202484459,0.0204887117922772
23,"2","5",0.0843380078384993,0.797547709709577,0.0530146967475982,0.0650995857043251
23,"2","6",0.0945280453413108,0.793003955804359,0.0452745723292874,0.0671934265250425
23,"2","7",0.106160774152856,0.784340181818916,0.0402135526336138,0.0692854913946137
23,"2","8",0.117033358709029,0.777324282445115,0.0354609886692008,0.0701813701766559
23,"2","9",0.124589412570273,0.778490865738749,0.0283334453384082,0.0685862763525698
23,"3","10",0.136349258529396,0.766560555277909,0.0279597495053949,0.0691304366873002
23,"3","11",0.144615505089951,0.762362385638267,0.0254993115506071,0.0675227977211752
23,"3","12",0.15214809571588,0.758438415545828,0.023990998691021,0.0654224900472711
23,"3","13",0.158807262474567,0.755034035828222,0.02321878348348,0.0629399182137305
23,"3","14",0.161233884850529,0.75871425114545,0.0204746103275621,0.0595772536764588
23,"3","9",0.12958083569524,0.764694216121215,0.0342123274237574,0.0715126207597874
23,"4","14",0.167845824026585,0.74619490104451,0.0252355174034832,0.0607237575254221
23,"4","15",0.169525418575022,0.750451557967723,0.0227911496352977,0.057231873821957
23,"4","16",0.151137419367394,0.763438151203177,0.0468427033897335,0.0385817260396961
23,"4","17",0.132449902396875,0.780682864998613,0.0507916647970067,0.0360755678075051
23,"4","18",0.114951450847366,0.798968861472671,0.047209156265909,0.0388705314140546
23,"5","18",0.116993230961936,0.789857436390625,0.0540330566137687,0.0391162760336703
23,"5","19",0.115101867429976,0.793187715793433,0.0495761018423768,0.0421343149342143
23,"5","20",0.115312994615486,0.790679765618988,0.04847111526213,0.0455361245033962
23,"5","21",0.116240732413114,0.791279422242069,0.0475871904473821,0.0448926548974343
23,"5","22",0.11483313923024,0.799073551329748,0.0432206590611662,0.0428726503788463
23,"6","22",0.119470776967557,0.788141331908825,0.05019474560513,0.0421931455184875
23,"6","23",0.117624029034883,0.796294812053012,0.0457327532313359,0.0403484056807688
23,"6","24",0.117560314844816,0.799448816212524,0.0444989697064825,0.0384918992361781
23,"6","25",0.117049899384388,0.802959282432702,0.0430938976984868,0.036896920484423
23,"6","26",0.116038384508893,0.806898614253502,0.0415182374210183,0.035544763816587
23,"6","27",0.112002758498905,0.816357806490401,0.0367447161415869,0.0348947188691064
23,"7","27",0.117022318488386,0.806240074991513,0.0428550338293055,0.0338825726907959
23,"7","28",0.112567103165232,0.815902366580382,0.0381695620162694,0.0333609682381167
23,"7","29",0.110111960740985,0.820931000144214,0.0365253405607885,0.0324316985540129
23,"7","30",0.107160674640843,0.826260865782088,0.0349888439417286,0.0315896156353402
23,"7","31",0.101415747245572,0.836336920756473,0.0309364003402549,0.0313109316577001
23,"8","31",0.106047828838313,0.827492109623849,0.0361452365889637,0.0303148249488747
23,"8","32",0.0999707135493742,0.837648756978351,0.0323440479660413,0.030036481506234
23,"8","33",0.095836687098947,0.843653857620625,0.0312191912253568,0.0292902640550714
23,"8","34",0.091434545719831,0.849818302671022,0.0301758934501853,0.0285712581589613
23,"8","35",0.0849131524300621,0.859811400623097,0.0269128529163261,0.0283625940305144
23,"9","35",0.0887000395990261,0.852488045920306,0.0314032903240788,0.0274086241565886
23,"9","36",0.0821114155170313,0.8623803758997,0.0283061499656701,0.0272020586175981
23,"9","37",0.0773066869536354,0.868644399370487,0.0274788316868888,0.026570081988989
23,"9","38",0.0725140385835982,0.874803159448495,0.0267209136803372,0.0259618882875693
23,"9","39",0.067789436087904,0.880793778219908,0.0260237979624426,0.0253929877297458
23,"9","40",0.0618927704507634,0.889278538462637,0.0234866857942251,0.0253420052923744
24,"1","1",0.0320846735497931,0.874614050509577,0.0610158238985961,0.0322854520420333
24,"1","2",0.0437583196213307,0.852622444261556,0.0612678064393396,0.0423514296777733
24,"1","3",0.0561910158989963,0.834407855603474,0.0584509798074617,0.0509501486900681
24,"1","4",0.0685435968588933,0.819756107857208,0.053998313536031,0.0577019817478679
24,"1","5",0.0785656479202674,0.813808867957575,0.0463692342898448,0.0612562498323124
24,"10","40",0.0647327573819624,0.883880649407303,0.0274541648324711,0.0239324283782629
24,"10","41",0.0590306829423964,0.892138737270499,0.0249623673944511,0.0238682123926535
24,"10","42",0.0547189027075289,0.897457085506011,0.0244494489285341,0.0233745628579256
24,"10","43",0.0506207981931461,0.902478629173248,0.0240028086071997,0.022897764026406
24,"10","44",0.045947856838944,0.909231143678677,0.0218933816801974,0.0229276178021814
24,"11","44",0.0474465416586619,0.90531287503975,0.0252404132006373,0.0220001701009503
24,"11","45",0.0429991657943278,0.911700557222104,0.0232329781012347,0.0220672988823339
24,"11","46",0.0394948584430916,0.915895553287791,0.022883641336853,0.0217259469322642
24,"11","47",0.0362058273037046,0.919822889416941,0.0225550559201513,0.0214162273592036
24,"11","48",0.0327564291484588,0.924831311002931,0.0207826225426433,0.0216296373059664
24,"12","48",0.0334946938729516,0.922223937341805,0.0236332314046711,0.0206481373805724
24,"12","49",0.0302805212922712,0.926919194198605,0.0219519925260492,0.0208482919830741
24,"12","50",0.0276169644521697,0.930136985788211,0.0216711659168321,0.0205748838427874
24,"12","51",0.0251514529878522,0.933141665315268,0.0214030638902091,0.020303817806671
24,"12","52",0.0228709567867431,0.935958327903365,0.0211361127937915,0.0200346025161001
24,"2","5",0.0826028911330711,0.801889564922267,0.0515030915059037,0.0640044524387582
24,"2","6",0.0926287811479885,0.79726470292817,0.0440079572295652,0.0660985586942762
24,"2","7",0.104128917979634,0.78856127233281,0.0391210179681081,0.0681887917194482
24,"2","8",0.114833914200232,0.781573870587763,0.0345033478253226,0.0690888673866824
24,"2","9",0.122287617527346,0.782632139182059,0.027559356506043,0.0675208867845522
24,"3","10",0.133845487549489,0.770889112946058,0.0271959078881852,0.068069491616268
24,"3","11",0.142095730318656,0.766555002594373,0.0248408868430067,0.0665083802439644
24,"3","12",0.149570668222548,0.762592551931184,0.0233847635042528,0.0644520163420154
24,"3","13",0.156157259747415,0.759198145414751,0.0226373975779605,0.062007197259873
24,"3","14",0.158500953295645,0.76286480767543,0.0199569068150001,0.0586773322139254
24,"3","9",0.127233284341289,0.769038561618066,0.0332976758850363,0.0704304781556091
24,"4","14",0.165040870874261,0.750497078900307,0.0246356007973482,0.0598264494280838
24,"4","15",0.166728850432793,0.754662316310007,0.0222411939957814,0.0563676392614182
24,"4","16",0.146815967332604,0.766615161160693,0.0492545094562226,0.0373143620504814
24,"4","17",0.129102218724181,0.784371617878992,0.0519053449410519,0.0346208184557753
24,"4","18",0.112444200628671,0.802526458897916,0.047621204898024,0.0374081355753884
24,"5","18",0.114434939758065,0.793239317319776,0.0547725499566028,0.0375531929655563
24,"5","19",0.113013918443097,0.796119220970545,0.0500205072107454,0.040846353375613
24,"5","20",0.113592157996347,0.793219758112468,0.0489567068816899,0.0442313770094955
24,"5","21",0.11480273226269,0.79336909812629,0.0481109982029377,0.0437171714080823
24,"5","22",0.113674626555774,0.800859281465956,0.0436241100581322,0.041841981920138
24,"6","22",0.118208290310769,0.789655450210429,0.0509547289696638,0.0411815305091379
24,"6","23",0.116615868032777,0.797573889732288,0.0463695500237054,0.0394406922112295
24,"6","24",0.116786440376119,0.800399105822921,0.0451687170505507,0.0376457367504094
24,"6","25",0.116496425239907,0.803613852622284,0.0437859477691127,0.0361037743686957
24,"6","26",0.115662445393078,0.807336019033668,0.0422139461994224,0.0347875893738312
24,"6","27",0.111797287575329,0.816781894028766,0.0372487122870466,0.0341721061088582
24,"7","27",0.116749111358683,0.806385979106464,0.0436884576879264,0.0331764518469264
24,"7","28",0.112472724977637,0.816032583948383,0.0388152636198089,0.0326794274541716
24,"7","29",0.110128325600499,0.820958811146359,0.0371240954642915,0.0317887677888503
24,"7","30",0.107285837915535,0.826209316181448,0.0355383413443817,0.0309665045586352
24,"7","31",0.101600036169465,0.836405860050189,0.0312915545740569,0.0307025492062893
24,"8","31",0.106194702856164,0.827311635279522,0.0367714704291874,0.0297221914351267
24,"8","32",0.10020880210114,0.837536493115067,0.0328035600942575,0.0294511446895352
24,"8","33",0.0961313507643368,0.843508833776378,0.0316381261286771,0.0287216893306085
24,"8","34",0.0917664064798341,0.849660116627198,0.0305552194151221,0.0280182574778459
24,"8","35",0.0852622371819642,0.859780455130687,0.0271378579090382,0.0278194497783104
24,"9","35",0.0890312071349608,0.852228804182103,0.0318588023529436,0.0268811863299929
24,"9","36",0.0824535030319834,0.862241062971261,0.0286099144905989,0.0266955195061571
24,"9","37",0.0776605533427755,0.868522219676703,0.0277401672158692,0.0260770597646523
24,"9","38",0.0728802079064146,0.874708209530836,0.0269356940544328,0.0254758885083168
24,"9","39",0.0681560155899501,0.880730264702856,0.0262018473024383,0.0249118724047562
24,"9","40",0.0622640967633136,0.889331729707218,0.0235594326128803,0.0248447409165886
25,"1","1",0.0323219011848349,0.873853975683337,0.0622898179901636,0.0315343051416642
25,"1","2",0.044098849077778,0.851860683784868,0.0626720575472973,0.0413684095900564
25,"1","3",0.056647408452217,0.833688311487532,0.0598887669458339,0.0497755131144172
25,"1","4",0.0691122164858456,0.819172848754187,0.0553401905484378,0.0563747442115291
25,"1","5",0.0792526053940138,0.813375370865839,0.0475054713975185,0.0598665523426288
25,"10","40",0.0647126697601844,0.884207827903791,0.0268237158301982,0.0242557865058266
25,"10","41",0.0589977534186144,0.892368716192365,0.0244703834901839,0.0241631468988368
25,"10","42",0.054675761621711,0.897705765756182,0.0239755484589145,0.0236429241631923
25,"10","43",0.0505544550698393,0.902728249689216,0.0235475160059316,0.0231697792350128
25,"10","44",0.0458664521423222,0.909353122664247,0.0215607744499904,0.02321965074344
25,"11","44",0.0473664758992135,0.905643366517685,0.0247054631545349,0.0222846944285669
25,"11","45",0.0429127167212653,0.911904004775174,0.02281975805266,0.0223635204509005
25,"11","46",0.0394011600432007,0.916083981349154,0.0224902246811825,0.0220246339264625
25,"11","47",0.0361092995158395,0.919996686723408,0.022181255411288,0.0217127583494645
25,"11","48",0.0326605275361691,0.924891489920075,0.0205165767249461,0.0219314058188096
25,"12","48",0.0333965243546908,0.922469481796148,0.0231945668381421,0.0209394270110194
25,"12","49",0.0301808756026864,0.927060709437782,0.0216147408207141,0.0211436741388173
25,"12","50",0.0275279127027543,0.93024367711635,0.0213587970729846,0.0208696131079108
25,"12","51",0.0250616568995467,0.933237606305625,0.021105996854268,0.0205947399405601
25,"12","52",0.0227835469266827,0.936037894304475,0.0208580274636677,0.020320531305175
25,"2","5",0.0833184227742469,0.80135996822335,0.0527723485982687,0.062549260404134
25,"2","6",0.0934043585171825,0.796973560156133,0.0450249069838436,0.0645971743428411
25,"2","7",0.104869375041113,0.788611521607436,0.0399154744677254,0.0666036288837252
25,"2","8",0.11568206390621,0.781667866461527,0.0351484735686767,0.0675015960635869
25,"2","9",0.123268571166973,0.782708200646772,0.02801181278486,0.0660114154013944
25,"3","10",0.134931350673013,0.770885169628668,0.0275993257075203,0.0665841539907986
25,"3","11",0.143174030870589,0.766637219451703,0.0251278121416505,0.0650609375360575
25,"3","12",0.150617318459411,0.762790087802623,0.0235603183054172,0.063032275432548
25,"3","13",0.157209808614655,0.759432885842179,0.0227237339449936,0.0606335715981724
25,"3","14",0.15954882265924,0.763143127715032,0.0199339658000513,0.0573740838256776
25,"3","9",0.128241367282937,0.769020282148222,0.0338870258447311,0.0688513247241102
25,"4","14",0.166122036991676,0.75069837636413,0.0246824694482763,0.0584971171959185
25,"4","15",0.167644663233363,0.755055408873991,0.0221900164444765,0.0551099114481693
25,"4","16",0.150856362634582,0.765470801063193,0.0461295220798307,0.0375433142223949
25,"4","17",0.132780167658773,0.782686480841244,0.049211967126688,0.0353213843732949
25,"4","18",0.115334745615815,0.800708298220032,0.0454979864687974,0.0384589696953555
25,"5","18",0.117373461280311,0.791585671100087,0.0523542090975418,0.0386866585220608
25,"5","19",0.115484618522114,0.794244431227093,0.0480261457319534,0.0422448045188399
25,"5","20",0.115794068774035,0.791373210897512,0.0471343331306041,0.0456983871978492
25,"5","21",0.116727329646185,0.791760239537451,0.0464555022872031,0.0450569285291602
25,"5","22",0.115364060964819,0.799354218165395,0.0422691775515394,0.0430125433182469
25,"6","22",0.119980704482167,0.788403824278455,0.0492550766938985,0.0423603945454792
25,"6","23",0.118163294656111,0.796406071479011,0.0449543716937397,0.0404762621711383
25,"6","24",0.118148925162388,0.799422408278682,0.0438588718113449,0.0385697947475854
25,"6","25",0.117645955753843,0.802861430876599,0.0425403863083337,0.036952227061224
25,"6","26",0.116640036378463,0.806765845837045,0.0410232939731968,0.0355708238112949
25,"6","27",0.112589059523159,0.816222211012108,0.0362880393365285,0.0349006901282044
25,"7","27",0.117611291882118,0.806119466255377,0.0423727339950398,0.0338965078674646
25,"7","28",0.113205999969015,0.815719114137214,0.0377278616056848,0.0333470242880858
25,"7","29",0.110759888320697,0.820736080158803,0.0360991293990627,0.0324049021214369
25,"7","30",0.107796112027504,0.826098952022397,0.0345631726077813,0.0315417633423175
25,"7","31",0.102023432656562,0.836211567426029,0.0305359080465332,0.0312290918708761
25,"8","31",0.106664823571772,0.827392719910793,0.0357013794671395,0.030241077050296
25,"8","32",0.100582533780569,0.837554367367124,0.0319289195661552,0.0299341792861515
25,"8","33",0.0964249196102211,0.843578984142887,0.0308172285588143,0.0291788676880777
25,"8","34",0.0919893789593944,0.849764529812378,0.0297937809796375,0.0284523102485903
25,"8","35",0.0854212120446585,0.859774013521135,0.0265684406757467,0.0282363337584597
25,"9","35",0.0892153058310364,0.852470310935536,0.0310231808703406,0.0272912023630872
25,"9","36",0.0825877980292694,0.86238566206579,0.0279431901053733,0.0270833497995672
25,"9","37",0.0777576240811167,0.868689059278197,0.0271164926986598,0.0264368239420261
25,"9","38",0.0729250985366054,0.874885528954545,0.026358108459552,0.0258312640492978
25,"9","39",0.068156662073449,0.880931195007853,0.0256559777062472,0.025256165212451
25,"9","40",0.0622365524693485,0.889431769173378,0.0231563335798127,0.0251753447774607
26,"1","1",0.0323439138595568,0.875489871930989,0.0601169567819218,0.0320492574275323
26,"1","2",0.0441134502016152,0.853499189946929,0.0603405323996727,0.0420468274517835
26,"1","3",0.0566545731274245,0.835175381054103,0.0575912688749628,0.0505787769435094
26,"1","4",0.0690689733883331,0.820462387156034,0.0532113328404641,0.0572573066151683
26,"1","5",0.0791736262076813,0.814317310059944,0.0457168422012478,0.060792221531127
26,"10","40",0.0661641198288921,0.882242371793971,0.0269800666574708,0.024613441719666
26,"10","41",0.0603220871034314,0.890495241069383,0.0246504720906652,0.0245321997365208
26,"10","42",0.0558968540134576,0.895948381677067,0.0241307648218947,0.0240239994875805
26,"10","43",0.0516794135747792,0.901108721220072,0.0236745522223173,0.0235373129828312
26,"10","44",0.0468829351085677,0.907834599566854,0.0217069942539076,0.0235754710706707
26,"11","44",0.0484371192559008,0.904162405644655,0.0247755057219258,0.0226249693775187
26,"11","45",0.0438689802091281,0.910518580694626,0.0229061896174743,0.0227062494787713
26,"11","46",0.0402862198656763,0.914775875965743,0.022564932726605,0.0223729714419759
26,"11","47",0.0369205632900723,0.918765429687293,0.0222461263111302,0.0220678807115044
26,"11","48",0.0333769847455424,0.923723775661369,0.0206077845787257,0.0222914550143635
26,"12","48",0.0341447170199053,0.921348352964331,0.0232245834701396,0.0212823465456238
26,"12","49",0.0308354666536333,0.926005899827371,0.0216667858139277,0.0214918477050679
26,"12","50",0.0281042089239078,0.929283057065302,0.0213981046566092,0.0212146293541814
26,"12","51",0.0255751557386286,0.932348704993004,0.0211388476245288,0.0209372916438385
26,"12","52",0.0232371069670397,0.935220000570377,0.0208841320732281,0.0206587603893548
26,"2","5",0.0832715402244664,0.802417803098554,0.0507859620099129,0.0635246946670667
26,"2","6",0.0932484870349511,0.797848829750162,0.0433487136026924,0.0655539696121949
26,"2","7",0.10475021210746,0.78912712271498,0.0385029937452601,0.0676196714323004
26,"2","8",0.11555882556174,0.78194446392961,0.0339709153416127,0.0685257951670371
26,"2","9",0.123021741301003,0.782854363412647,0.0271311050320257,0.0669927902543242
26,"3","10",0.134578329529185,0.771112134730322,0.0267634531364176,0.0675460826040757
26,"3","11",0.14279565755233,0.766798823175234,0.0244210745755474,0.0659844446968892
26,"3","12",0.150158438771786,0.76298871910419,0.0229428777057604,0.0639099644182641
26,"3","13",0.156699759708413,0.759642440824541,0.0221709812507506,0.061486818216295
26,"3","14",0.158948662176317,0.763372587767778,0.0195114220203815,0.058167328035523
26,"3","9",0.128036395555155,0.769288107898298,0.0327899811786385,0.0698855153679079
26,"4","14",0.165547993102007,0.751055131834785,0.0240851362308389,0.0593117388323688
26,"4","15",0.167157556100981,0.755195928236651,0.0217406531101725,0.0559058625521956
26,"4","16",0.15385421465268,0.755512628338944,0.0519901817923388,0.0386429752160371
26,"4","17",0.135776622781999,0.771436552214568,0.0565432375362708,0.0362435874671619
26,"4","18",0.117855600031588,0.790559799266837,0.0526338823273601,0.0389507183742149
26,"5","18",0.120032559117921,0.781859904089779,0.0589255320586756,0.039182004733624
26,"5","19",0.118067611450962,0.785413359862313,0.0540902375599447,0.0424287911267796
26,"5","20",0.118211351530907,0.783345565006007,0.0524601362359241,0.0459829472271621
26,"5","21",0.119123152920325,0.784384530459119,0.0511470433342275,0.0453452732863281
26,"5","22",0.117684111945188,0.792399755166409,0.0466521419692555,0.0432639909191468
26,"6","22",0.122490639564633,0.781681312458467,0.0532260327374434,0.0426020152394569
26,"6","23",0.120550819527616,0.790049916753337,0.0486921468873249,0.0407071168317219
26,"6","24",0.120507974665539,0.793490788935274,0.0471991471976794,0.0388020892015074
26,"6","25",0.120007652378331,0.797323238188728,0.0454910931914587,0.037178016241482
26,"6","26",0.119003313272545,0.801592524488523,0.0436139849775069,0.0357901772614257
26,"6","27",0.114884390681174,0.811304355643108,0.0386849326995805,0.0351263209761376
26,"7","27",0.120079005390152,0.80131572659137,0.0444919295312575,0.0341133384872213
26,"7","28",0.115544196636547,0.811216922938019,0.0396582185355889,0.0335806618898458
26,"7","29",0.113046753375108,0.816546138666225,0.0377518580356684,0.0326552499229984
26,"7","30",0.11003005336706,0.82217009013294,0.0359814789036183,0.0318183775963815
26,"7","31",0.104106766451909,0.83249673061059,0.0318558213033821,0.031540681634118
26,"8","31",0.108897561397765,0.823736087149109,0.0368253725841644,0.0305409788689625
26,"8","32",0.102649686253517,0.834114208174451,0.0329785142377223,0.0302575913343097
26,"8","33",0.0984401185882883,0.840349862599499,0.0317022869926967,0.0295077318195162
26,"8","34",0.0939535881848892,0.846734159429008,0.0305260156930026,0.0287862366930997
26,"8","35",0.0872426153175407,0.856927420315798,0.0272490657433094,0.0285808986233516
26,"9","35",0.0911586145712224,0.849669344500687,0.0315496671699516,0.0276223737581388
26,"9","36",0.0843675530757645,0.859755768932517,0.0284439409834285,0.0274327370082903
26,"9","37",0.0794370588811449,0.866243210554586,0.0275190000987412,0.0268007304655282
26,"9","38",0.074515038700922,0.872610431988621,0.0266767583029226,0.0261977710075345
26,"9","39",0.0696544880270509,0.878806801823033,0.0259145391717959,0.02562417097812
26,"9","40",0.0636045254907441,0.887427707687097,0.0234198979031739,0.025547868918985
27,"1","1",0.0329643769835592,0.874982041164931,0.0594921805989309,0.0325614012525787
27,"1","2",0.0449729707544618,0.852688803708604,0.0596391318759494,0.0426990936609847
27,"1","3",0.0577353786667799,0.834079256650815,0.0568448410219578,0.0513405236604476
27,"1","4",0.0703761327623069,0.819077905873565,0.0524610356596718,0.058084925704456
27,"1","5",0.0806491051029247,0.812682823040717,0.0450464405259372,0.0616216313304214
27,"10","40",0.0671163146967227,0.880217475725117,0.0277158740374273,0.024950335540733
27,"10","41",0.0611681720421955,0.888617434917088,0.0253199821585462,0.0248944108821703
27,"10","42",0.0566861512331507,0.894084259617901,0.0248472212343942,0.0243823679145543
27,"10","43",0.0524220530334931,0.899251360000933,0.0244283491200003,0.0238982378455735
27,"10","44",0.0475466308403384,0.906103244146309,0.0223950253187958,0.0239550996945564
27,"11","44",0.0491288792700453,0.902253533760194,0.0256358182735656,0.022981768696195
27,"11","45",0.0444977898311767,0.908722326991613,0.0237149325212277,0.0230649506559827
27,"11","46",0.0408565376812573,0.913032908137976,0.0233938260743575,0.0227167281064087
27,"11","47",0.0374387567792059,0.917074549814866,0.0230919566676877,0.0223947367382403
27,"11","48",0.0338372461171153,0.922153607667815,0.0213874396659633,0.0226217065491067
27,"12","48",0.0346233115411028,0.91963360194305,0.0241506795810495,0.0215924069347974
27,"12","49",0.0312621385201189,0.924407364000444,0.0225249479137832,0.021805549565654
27,"12","50",0.028491751007586,0.927731538905101,0.0222544022456953,0.0215223078416174
27,"12","51",0.0259234208816561,0.930838822503133,0.0219950000983982,0.0212427565168128
27,"12","52",0.0235490842482197,0.933751389724876,0.021737714583833,0.0209618114430716
27,"2","5",0.0848191645452726,0.800774383409072,0.0500232649246883,0.0643831871209671
27,"2","6",0.0950890834255724,0.795701450495854,0.0427536139411341,0.0664558521374396
27,"2","7",0.106801460358439,0.786694826129693,0.0379900448731161,0.0685136686387523
27,"2","8",0.117897879378764,0.779121308117273,0.0335541008716175,0.069426711632346
27,"2","9",0.125507785973187,0.779820237476239,0.0268286642785529,0.0678433122720205
27,"3","10",0.137310687606309,0.767828945717516,0.026489087600904,0.0683712790752709
27,"3","11",0.145626626165039,0.763418582954193,0.0242056303148998,0.0667491605658685
27,"3","12",0.153090198979797,0.759511464395915,0.0227721331002222,0.0646262035240659
27,"3","13",0.15971873894059,0.756102930906447,0.0220283312619009,0.0621499988910613
27,"3","14",0.1619978930561,0.759774722245688,0.0194237974674502,0.0588035872307618
27,"3","9",0.130612639605729,0.7662248142299,0.0324021608540154,0.070760385310356
27,"4","14",0.168707645003462,0.747395402957669,0.023947061115536,0.0599498909233328
27,"4","15",0.170245314335033,0.751657188570761,0.021616599228751,0.0564808978654547
27,"4","16",0.156174992085934,0.7600814693453,0.0455113584509785,0.0382321801177878
27,"4","17",0.138935965733463,0.775654368015221,0.049721401567892,0.0356882646834236
27,"4","18",0.120974550100282,0.794013183413162,0.0464496743848568,0.0385625921016994
27,"5","18",0.12320341565764,0.784683625970475,0.0533429524368302,0.0387700059350549
27,"5","19",0.121118577821985,0.787600407392267,0.049106330803021,0.0421746839827266
27,"5","20",0.121192632231698,0.784957899245395,0.0481774260808745,0.0456720424420326
27,"5","21",0.122043611465923,0.785414474864927,0.0474598788723494,0.0450820347968006
27,"5","22",0.120445560569688,0.793233960521047,0.0431754706453247,0.0431450082639397
27,"6","22",0.125315629872106,0.782004255667949,0.0502374553426976,0.0424426591172466
27,"6","23",0.123236876826057,0.79026992696741,0.0458207397363388,0.0406724564701937
27,"6","24",0.123061998539436,0.793413799098495,0.0446713764167866,0.0388528259452817
27,"6","25",0.122431442297894,0.796922464837996,0.0433555180732769,0.0372905747908332
27,"6","26",0.121296113527961,0.800890510867281,0.0418522773129543,0.0359610982918031
27,"6","27",0.116993052920224,0.810568945588506,0.0370745361140633,0.0353634653772071
27,"7","27",0.122251704288987,0.800170631055456,0.0432574322368459,0.0343202324187107
27,"7","28",0.117583397159,0.810034771022376,0.0385465070899374,0.0338353247286868
27,"7","29",0.114982191951613,0.81518895837777,0.0369065386827574,0.0329223109878591
27,"7","30",0.111860503113227,0.820685291198988,0.0353670521633944,0.0320871535243897
27,"7","31",0.105827808199842,0.831057361064641,0.0312932188438282,0.0318216118916887
27,"8","31",0.110682229200697,0.821969192993099,0.03655230574572,0.0307962720604842
27,"8","32",0.104324953171703,0.832391808153926,0.032750698930249,0.0305325397441222
27,"8","33",0.100007163775209,0.838557728886215,0.0316460550534631,0.0297890522851135
27,"8","34",0.095408530679522,0.844887945228468,0.0306272373136007,0.0290762867784094
27,"8","35",0.0885944581575987,0.855170120332852,0.0273484390514723,0.028886982458077
27,"9","35",0.0925647740190519,0.847624384544802,0.0319059666755663,0.0279048747605795
27,"9","36",0.0856756328079122,0.857808846563018,0.0287903140307739,0.0277252065982957
27,"9","37",0.080639304582752,0.86427279402709,0.0279696006807893,0.0271183007093682
27,"9","38",0.0756208544118747,0.870651235927714,0.0272094285649625,0.0265184810954492
27,"9","39",0.0706777464304799,0.876865188772932,0.0265030544036607,0.0259540103929276
27,"9","40",0.0645173076921394,0.885630454024285,0.0239445679533058,0.0259076703302697
28,"1","1",0.0332007870086542,0.87174309309996,0.0620799240890049,0.0329761958023804
28,"1","2",0.0452599579026665,0.849314002543791,0.0622149793959953,0.0432110601575474
28,"1","3",0.0581049217893472,0.830648073872162,0.0593103147962453,0.0519366895422453
28,"1","4",0.0708729100571338,0.81559766196532,0.0547548713660437,0.0587745566115023
28,"1","5",0.0812324688229468,0.809390482730174,0.0469987208593442,0.0623783275875345
28,"10","40",0.0672583245681842,0.87886286664684,0.0288488139401484,0.0250299948448271
28,"10","41",0.0612926074030408,0.887427278264159,0.0262978439217506,0.0249822704110497
28,"10","42",0.0567752454312767,0.892995463327938,0.0257517620087168,0.0244775292320682
28,"10","43",0.0524950624405934,0.898233287602699,0.0252806307787128,0.0239910191779944
28,"10","44",0.0476309137943752,0.905174865044393,0.0231323427445148,0.0240618784167166
28,"11","44",0.0491800763059745,0.901217918308435,0.0265189421231118,0.0230830632624788
28,"11","45",0.0445689742790686,0.907761325982972,0.0244858392837183,0.023183860454241
28,"11","46",0.04093099413172,0.912085236891931,0.024139050115838,0.0228447188605106
28,"11","47",0.0375136341749634,0.916132782580215,0.0238213094062144,0.0225322738386075
28,"11","48",0.0339325785106593,0.921267312372287,0.0220351347649968,0.0227649743520568
28,"12","48",0.0346928667454968,0.918647135743284,0.0249325570604258,0.0217274404507934
28,"12","49",0.0313491973318284,0.923472751216369,0.0232339663955419,0.0219440850562604
28,"12","50",0.0285755917625995,0.926807320207881,0.0229555768496396,0.0216615111798803
28,"12","51",0.0260043475502291,0.929936600324164,0.0226775027844997,0.0213815493411076
28,"12","52",0.023637617101563,0.932846220830866,0.0224137743539439,0.0211023877136271
28,"2","5",0.0853877932031492,0.797278254587026,0.0521792597819509,0.0651546924278743
28,"2","6",0.0957753521177924,0.792368241727208,0.0445761580257361,0.0672802481292633
28,"2","7",0.107619757655155,0.783432659169075,0.0395827047628101,0.0693648784129593
28,"2","8",0.118767095350518,0.776027512982888,0.0349273278074985,0.0702780638590954
28,"2","9",0.12653398328153,0.776835304972026,0.0279402703292524,0.0686904414171915
28,"3","10",0.138454501236201,0.764759000379922,0.0275859251986352,0.0692005731852428
28,"3","11",0.146846300206589,0.760410475019382,0.0251811993086742,0.0675620254653549
28,"3","12",0.154418741228206,0.756477139711119,0.0236667957318462,0.0654373233288284
28,"3","13",0.161255401165087,0.752884203024978,0.0228999788437143,0.0629604169662202
28,"3","14",0.163633428949845,0.75660570120942,0.0201881622219548,0.0595727076187803
28,"3","9",0.131617514635108,0.763023561674791,0.0337389237561349,0.0716199999339663
28,"4","14",0.170352344119148,0.744055932629123,0.0248768188015587,0.0607149044501712
28,"4","15",0.172068342167177,0.748242143909903,0.0224632948202984,0.0572262191026217
28,"4","16",0.158403640417933,0.753029775548737,0.0497153567312282,0.038851227302102
28,"4","17",0.14083325856477,0.767302131058959,0.0555291664587185,0.0363354439175531
28,"4","18",0.122540285005972,0.785918619920181,0.052327358923104,0.0392137361507428
28,"5","18",0.12465719489873,0.776655286969631,0.0592552058654647,0.0394323122661739
28,"5","19",0.122399348641067,0.780145021514671,0.0546218108392947,0.0428338190049681
28,"5","20",0.122341121210075,0.777890776146514,0.0533148446764334,0.0464532579669769
28,"5","21",0.123081081196774,0.778843898770068,0.0522569664749239,0.0458180535582343
28,"5","22",0.121502087706135,0.787145870541971,0.0475815503379391,0.0437704914139554
28,"6","22",0.126324284762212,0.775808268202986,0.0548159223284065,0.0430515247063953
28,"6","23",0.124198095237691,0.784577061861392,0.0500210327189505,0.0412038101819659
28,"6","24",0.123975264509572,0.788113886699713,0.0485980268904556,0.0393128219002586
28,"6","25",0.123286596853933,0.792017391251471,0.0469925105876915,0.0377035013069042
28,"6","26",0.122110685371405,0.796357869261655,0.0451984074666343,0.0363330379003057
28,"6","27",0.117795497375252,0.806463058883923,0.0400359332864543,0.035705510454371
28,"7","27",0.123002417328917,0.79591526268299,0.0464364173480694,0.0346459026400239
28,"7","28",0.118322983933283,0.806180763815359,0.0413621827771499,0.0341340694742088
28,"7","29",0.115677486249575,0.811639849389672,0.0394773762011433,0.0332052881596096
28,"7","30",0.112542614940226,0.817383547242702,0.0377226910399058,0.0323511467771663
28,"7","31",0.106466927425189,0.828120117080627,0.0333338288795842,0.0320791266145991
28,"8","31",0.111271936180869,0.818872648020878,0.0388149786946882,0.0310404371035644
28,"8","32",0.104872637736055,0.829633689174873,0.0347250468119747,0.030768626277097
28,"8","33",0.100474194760728,0.836046646401376,0.0334679793227603,0.0300111795151357
28,"8","34",0.0958060994266211,0.842617054454819,0.0322934121656029,0.0292834339529572
28,"8","35",0.0889437540925726,0.853192097941409,0.0287781169274695,0.0290860310385487
28,"9","35",0.0928673683805667,0.845508708296634,0.0335297049508128,0.0280942183719867
28,"9","36",0.0859502811868254,0.855959767284812,0.0301907274210822,0.0278992241072808
28,"9","37",0.0808837314357239,0.862594714287736,0.0292628632826288,0.0272586909939113
28,"9","38",0.0758362499628096,0.86911950767054,0.0284048566598324,0.026639385706818
28,"9","39",0.0708758922398111,0.875451923075055,0.0276275805197668,0.0260446041653667
28,"9","40",0.0646984521544605,0.884401752951775,0.0249079611922034,0.0259918337015607
29,"1","1",0.0333674121624864,0.868944312975674,0.0645617994790958,0.0331264753827437
29,"1","2",0.0454614265825222,0.846362860962752,0.0647556198580693,0.0434200925966567
29,"1","3",0.0583179598225954,0.827726947085499,0.0617624245465173,0.0521926685453887
29,"1","4",0.0710654051854766,0.812864107307787,0.057019265031983,0.0590512224747538
29,"1","5",0.0814599921373705,0.80686520580681,0.0489777524232566,0.0626970496325631
29,"10","40",0.0668106634890952,0.879294371990679,0.0287357435937135,0.0251592209265121
29,"10","41",0.0609205700971645,0.887725371421249,0.0262711576029674,0.0250829008786191
29,"10","42",0.0564597585512828,0.893236515068791,0.0257505995808934,0.0245531267990324
29,"10","43",0.0521989677571911,0.898459886006712,0.0252944381954934,0.0240467080406033
29,"10","44",0.0473582730568188,0.905352261827277,0.023205033833034,0.0240844312828697
29,"11","44",0.0489053978365933,0.901486229884529,0.0265017521785229,0.0231066201003544
29,"11","45",0.0443055455706444,0.908001572496019,0.0245148679126065,0.0231780140207302
29,"11","46",0.0406768649831141,0.912347838120561,0.0241570799723289,0.0228182169239954
29,"11","47",0.0372786472724773,0.916404467224033,0.0238309479830661,0.0224859375204234
29,"11","48",0.0337098888224036,0.921501272779662,0.0220824902797932,0.0227063481181412
29,"12","48",0.0344708550462776,0.918968379891871,0.02488720358,0.0216735614818515
29,"12","49",0.0311406316931579,0.923751689047969,0.0232235283231572,0.0218841509357155
29,"12","50",0.0283923485133342,0.927067924689308,0.0229407268018439,0.0215989999955137
29,"12","51",0.0258356337033166,0.930186154567023,0.0226613004007615,0.0213169113288987
29,"12","52",0.0234751699424335,0.9330976624874,0.0223922492326176,0.0210349183375486
29,"2","5",0.0856121668093574,0.794550205892778,0.0543720227725783,0.0654656045252861
29,"2","6",0.0959740557821362,0.789977468094711,0.0464514524269871,0.0675970236961655
29,"2","7",0.107851849497778,0.781136749688137,0.0412685590741759,0.0697428417399084
29,"2","8",0.118961646346961,0.773978862697972,0.0363963365070451,0.0706631544480218
29,"2","9",0.126671928592382,0.775206445,0.029050998274008,0.0690706281336094
29,"3","10",0.138611314234662,0.763096690397923,0.028649682598625,0.0696423127687905
29,"3","11",0.147163095141885,0.758628958946601,0.0261527867112519,0.0680551592002622
29,"3","12",0.154756162301288,0.754752945631173,0.0245781125306716,0.0659127795368678
29,"3","13",0.161544900413982,0.751290363612633,0.0237622521187557,0.0634024838546292
29,"3","14",0.163874183115597,0.755248469780101,0.0209080315935456,0.059969315510756
29,"3","9",0.131723526457156,0.761196664933394,0.0350900663802587,0.0719897422291912
29,"4","14",0.170542987003732,0.742544573020568,0.0258125400498962,0.0610998999258043
29,"4","15",0.172258618578778,0.746877928668744,0.0232870105639176,0.0575764421885597
29,"4","16",0.156745249175267,0.752874718008699,0.0519205012008222,0.0384595316152113
29,"4","17",0.138746538731983,0.769365625105617,0.0562571299105151,0.0356307062518849
29,"4","18",0.120545043534563,0.788526530768051,0.0525213959411002,0.0384070297562852
29,"5","18",0.122719167811536,0.779371335238798,0.0593165598897333,0.038592937059932
29,"5","19",0.120442531300092,0.782978331641868,0.0545996560534947,0.0419794810045456
29,"5","20",0.120424882730414,0.780502112569115,0.053221326710414,0.0458516779900573
29,"5","21",0.121131751470893,0.781327438159635,0.0520815707069309,0.0454592396625409
29,"5","22",0.119549596493737,0.789471758049766,0.0474353850099993,0.0435432604464967
29,"6","22",0.124327222495674,0.778343557695282,0.054490070593375,0.0428391492156692
29,"6","23",0.12229772397944,0.786833689191993,0.0498201136086202,0.0410484732199473
29,"6","24",0.122127896820665,0.79026947447797,0.048399915836244,0.0392027128651199
29,"6","25",0.121507797658519,0.794078828617416,0.0467914908753443,0.0376218828487214
29,"6","26",0.120368976338717,0.798364028261742,0.0449867438296754,0.0362802515698649
29,"6","27",0.116145361285566,0.808307134259464,0.0398886736720459,0.0356588307829249
29,"7","27",0.121311415092121,0.797966278286476,0.0461135616450587,0.0346087449763442
29,"7","28",0.1167309006791,0.808046075266262,0.0411167228984819,0.0341063011561559
29,"7","29",0.114139429345882,0.8134390912147,0.0392230525355346,0.0331984269038834
29,"7","30",0.111070673143078,0.819099838655212,0.0374701205353184,0.0323593676663914
29,"7","31",0.105114843164094,0.829592634467266,0.0331904792717531,0.032102043096887
29,"8","31",0.109885783593142,0.820542927110197,0.0385029999152457,0.0310682893814152
29,"8","32",0.10362194832863,0.8310532121625,0.0345155183677887,0.0308093211410814
29,"8","33",0.0993543199056428,0.837317169016439,0.033263548406481,0.0300649626714373
29,"8","34",0.0948302834693988,0.843720799809357,0.0321027666162953,0.0293461501049488
29,"8","35",0.0881048260949548,0.854057701294942,0.0286780268176504,0.029159445792453
29,"9","35",0.092007839610498,0.846541059887219,0.0332826509970449,0.0281684495052385
29,"9","36",0.0851852699100921,0.856762642754091,0.0300453237409166,0.0280067635949005
29,"9","37",0.0802158213605419,0.863272277436527,0.0291414813429299,0.0273704198600009
29,"9","38",0.0752617306858674,0.869675258247301,0.0283100297389192,0.0267529813279122
29,"9","39",0.070358237865289,0.875919118551673,0.0275485505204087,0.0261740930626293
29,"9","40",0.0642582042176622,0.884702983958608,0.0249146823892121,0.0261241294345175
30,"1","1",0.0331717186445386,0.87042403808934,0.0633485871077747,0.0330556561583469
30,"1","2",0.0451916140542646,0.848024669351044,0.0634774155473942,0.0433063010472977
30,"1","3",0.0579873501072689,0.829430608446743,0.060553657087131,0.0520283843588566
30,"1","4",0.0706636390389018,0.8145768514839,0.0559007576988908,0.0588587517783077
30,"1","5",0.0810134456715596,0.808476548325781,0.0480112744811465,0.0624987315215128
30,"10","40",0.0662455498456358,0.8802281274375,0.0286929043750552,0.0248334183418092
30,"10","41",0.0603916366455166,0.888589453261372,0.0262583525442314,0.0247605575488799
30,"10","42",0.0559540626151914,0.894087598133451,0.0257317458259107,0.0242265934254472
30,"10","43",0.0517275708534003,0.899284044886137,0.0252700838814741,0.0237183003789887
30,"10","44",0.0469332420114428,0.906106871382487,0.0232113478177259,0.0237485387883443
30,"11","44",0.0484539534785622,0.902316734857773,0.0264404134447551,0.0227888982189096
30,"11","45",0.0439012791629048,0.908752236542151,0.024487545084302,0.0228589392106426
30,"11","46",0.0403085594724506,0.913049104195607,0.0241363627991022,0.02250597353284
30,"11","47",0.0369392096499704,0.91706698347484,0.0238124261087329,0.0221813807664565
30,"11","48",0.0334114143446909,0.922083651384205,0.0221071680401365,0.0223977662309677
30,"12","48",0.03415483712894,0.919617274844756,0.0248453449334922,0.0213825430928121
30,"12","49",0.030865713636566,0.924323185229118,0.0232244006370735,0.0215867004972423
30,"12","50",0.0281397965461586,0.927608360328558,0.0229485944377235,0.0213032486875598
30,"12","51",0.0256131007964237,0.930680892175044,0.0226831844981829,0.0210228225303497
30,"12","52",0.0232819209531254,0.933552373256309,0.0224222695385143,0.0207434362520513
30,"2","5",0.0851574425989396,0.796285215429233,0.0532882708353603,0.0652690711364671
30,"2","6",0.095379371135866,0.791799554527709,0.0454785331763606,0.0673425411600644
30,"2","7",0.107164439745985,0.782979734709982,0.0403928291229377,0.0694629964210952
30,"2","8",0.118144780413065,0.775888621852493,0.0356066683737834,0.0703599293606591
30,"2","9",0.125909892986151,0.776791413466121,0.0284797887552105,0.0688189047925178
30,"3","10",0.137750729133136,0.76477319789807,0.0281101564921101,0.0693659164766834
30,"3","11",0.146176443862624,0.760379154368463,0.0256862249969509,0.0677581767719615
30,"3","12",0.153748904356496,0.756423614900442,0.0241745914117907,0.0656528893312716
30,"3","13",0.160685845748763,0.752672295754539,0.023423964538533,0.0632178939581654
30,"3","14",0.163159745040989,0.756318353361735,0.0206710522757501,0.0598508493215255
30,"3","9",0.130962799749469,0.762929049643886,0.0343633100354783,0.0717448405711668
30,"4","14",0.169833224268155,0.74372381196028,0.0254513878042066,0.0609915759673581
30,"4","15",0.171537268900027,0.747956427365969,0.0230172198478781,0.0574890838861257
30,"4","16",0.156732758808296,0.750889644924951,0.0534708086344679,0.0389067876322845
30,"4","17",0.138367516416061,0.767366507500512,0.058076236140555,0.0361897399428726
30,"4","18",0.120084029992898,0.787018421130456,0.0540811213850439,0.0388164274916017
30,"5","18",0.122312817364356,0.778070788712209,0.0605776339733966,0.0390387599500378
30,"5","19",0.120081836672917,0.781861300605226,0.0556179652344275,0.0424388974874296
30,"5","20",0.120118347178883,0.779934582017353,0.0539768848120218,0.0459701859917423
30,"5","21",0.120879232228071,0.781076389870022,0.0526550981821506,0.0453892797197566
30,"5","22",0.119334619620222,0.789266916854387,0.0479687100810324,0.0434297534443592
30,"6","22",0.124143624504083,0.778352522002809,0.054763757347066,0.0427400961460422
30,"6","23",0.122103444660975,0.786935703547067,0.0500375911016581,0.0409232606903006
30,"6","24",0.121941668563013,0.79048724792088,0.0485093940903878,0.0390616894257191
30,"6","25",0.12125892183513,0.794439819424759,0.0468131454635591,0.0374881132765517
30,"6","26",0.120096553424273,0.798794300725286,0.0449786709470158,0.0361304749034247
30,"6","27",0.115845566257924,0.808698280489942,0.0399704360830831,0.0354857171690503
30,"7","27",0.12098785829992,0.798512579861086,0.0460486035750388,0.0344509582639559
30,"7","28",0.116359600878824,0.808570869487487,0.0411419875512848,0.0339275420824043
30,"7","29",0.11375226047578,0.81396151022427,0.0392722136648425,0.033014015635107
30,"7","30",0.110649737804442,0.819667284397389,0.0375147771445629,0.0321682006536068
30,"7","31",0.104665551971255,0.830175873776034,0.0332725734105637,0.0318860008421474
30,"8","31",0.109400394410823,0.821256800173995,0.0384751847385059,0.0308676206766763
30,"8","32",0.103128047910274,0.831748733367553,0.0345471405695942,0.0305760781525781
30,"8","33",0.0988492818955125,0.838041737805523,0.03329727817378,0.0298117021251843
30,"8","34",0.0943040443760731,0.84449781237983,0.0321242102349177,0.0290739330091793
30,"8","35",0.0875649487112728,0.854835607444685,0.0287331897381375,0.0288662541059044
30,"9","35",0.0914279536601346,0.847428576645515,0.0332513363975055,0.0278921332968452
30,"9","36",0.0846099395172263,0.857635546050253,0.030052066220266,0.0277024482122552
30,"9","37",0.0796323504933884,0.864163504607148,0.0291485302899121,0.0270556146095517
30,"9","38",0.0746715873612421,0.870584950405353,0.0283083175020983,0.0264351447313063
30,"9","39",0.0697850679963055,0.87682205607699,0.0275409697895577,0.0258519061371471
30,"9","40",0.0637297298176534,0.885548832980702,0.0249412432457156,0.0257801939559288
